Insert into executive (full_name)
Values
('Linda Martin');
Insert into executive (full_name)
Values
('Jonathan Gay');
Insert into executive (full_name)
Values
('Barbara Allen');
Insert into executive (full_name)
Values
('Daniel Wilson');
Insert into executive (full_name)
Values
('Adam Black');
Insert into executive (full_name)
Values
('Jason Christian');
Insert into executive (full_name)
Values
('Anna Wolf');
Insert into executive (full_name)
Values
('Jeffery Olson');
Insert into executive (full_name)
Values
('Audrey Taylor');
Insert into executive (full_name)
Values
('Amanda Walker');
Insert into executive (full_name)
Values
('Ashley Murray');
Insert into executive (full_name)
Values
('Kayla Daniels');
Insert into executive (full_name)
Values
('Lauren Navarro');
Insert into executive (full_name)
Values
('John Castillo');
Insert into executive (full_name)
Values
('Robert Washington');
Insert into executive (full_name)
Values
('Heather Johnson');
Insert into executive (full_name)
Values
('Jerry Lopez');
Insert into executive (full_name)
Values
('Vicki Scott');
Insert into executive (full_name)
Values
('Laura Davidson');
Insert into executive (full_name)
Values
('Tamara Brown');
Insert into executive (full_name)
Values
('Tina Smith');
Insert into executive (full_name)
Values
('Colton Williams');
Insert into executive (full_name)
Values
('Laura Branch');
Insert into executive (full_name)
Values
('Alicia Francis');
Insert into executive (full_name)
Values
('Madison Austin');
Insert into executive (full_name)
Values
('Russell Jackson');
Insert into executive (full_name)
Values
('Louis Case');
Insert into executive (full_name)
Values
('Andrea Burns');
Insert into executive (full_name)
Values
('Ronald Brown');
Insert into executive (full_name)
Values
('Jennifer Baker');
Insert into executive (full_name)
Values
('Anita White');
Insert into executive (full_name)
Values
('Chad Smith');
Insert into executive (full_name)
Values
('Aaron Fields');
Insert into executive (full_name)
Values
('Edwin Martin');
Insert into executive (full_name)
Values
('Nathaniel Marshall');
Insert into executive (full_name)
Values
('Teresa Bryant');
Insert into executive (full_name)
Values
('Patricia Patel');
Insert into executive (full_name)
Values
('Leslie Gould');
Insert into executive (full_name)
Values
('Alexander Savage');
Insert into executive (full_name)
Values
('Anthony Schwartz');
Insert into executive (full_name)
Values
('Alexandra Bishop');
Insert into executive (full_name)
Values
('Jennifer Rice');
Insert into executive (full_name)
Values
('Sean Medina');
Insert into executive (full_name)
Values
('Connie Hughes');
Insert into executive (full_name)
Values
('Albert Lee');
Insert into executive (full_name)
Values
('Kimberly Hunter');
Insert into executive (full_name)
Values
('Jessica Dixon');
Insert into executive (full_name)
Values
('Lisa Martin');
Insert into executive (full_name)
Values
('Roy Gibson');
Insert into executive (full_name)
Values
('Brian Campbell');
Insert into executive (full_name)
Values
('Marco Pratt');
Insert into executive (full_name)
Values
('Randy Burgess');
Insert into executive (full_name)
Values
('Kimberly White');
Insert into executive (full_name)
Values
('Sharon Johnson');
Insert into executive (full_name)
Values
('Hannah Curry');
Insert into executive (full_name)
Values
('Amber Scott');
Insert into executive (full_name)
Values
('Alejandro Foster');
Insert into executive (full_name)
Values
('Katrina Thomas');
Insert into executive (full_name)
Values
('Diane Schmidt');
Insert into executive (full_name)
Values
('Christina Henderson');
Insert into executive (full_name)
Values
('Leslie Patterson');
Insert into executive (full_name)
Values
('Glenn Jackson');
Insert into executive (full_name)
Values
('Karen Vasquez');
Insert into executive (full_name)
Values
('Jennifer Jordan');
Insert into executive (full_name)
Values
('Omar Reynolds');
Insert into executive (full_name)
Values
('Mr. Jimmy Oconnor');
Insert into executive (full_name)
Values
('Taylor Chambers');
Insert into executive (full_name)
Values
('Eric Ray');
Insert into executive (full_name)
Values
('Eric Anderson');
Insert into executive (full_name)
Values
('Kevin Miller');
Insert into executive (full_name)
Values
('Crystal Lopez');
Insert into executive (full_name)
Values
('Antonio Morris');
Insert into executive (full_name)
Values
('Summer Roberts');
Insert into executive (full_name)
Values
('Lauren Mcfarland');
Insert into executive (full_name)
Values
('Mario Hanna');
Insert into executive (full_name)
Values
('Margaret Hill');
Insert into executive (full_name)
Values
('Erik Little');
Insert into executive (full_name)
Values
('Steven Wright');
Insert into executive (full_name)
Values
('Erin Chaney');
Insert into executive (full_name)
Values
('Benjamin Simpson MD');
Insert into executive (full_name)
Values
('Jose Wade');
Insert into executive (full_name)
Values
('Lisa Carr');
Insert into executive (full_name)
Values
('Tracey Ross');
Insert into executive (full_name)
Values
('John Crawford');
Insert into executive (full_name)
Values
('Amy Robertson');
Insert into executive (full_name)
Values
('Tony Alvarez');
Insert into executive (full_name)
Values
('Christina Hubbard');
Insert into executive (full_name)
Values
('Timothy Ramirez');
Insert into executive (full_name)
Values
('Jackie Garner');
Insert into executive (full_name)
Values
('Yvette Thomas');
Insert into executive (full_name)
Values
('Tracy Mccall');
Insert into executive (full_name)
Values
('Shari Ray');
Insert into executive (full_name)
Values
('Rachel Thompson');
Insert into executive (full_name)
Values
('Andrea Reed');
Insert into executive (full_name)
Values
('Lauren Jones');
Insert into executive (full_name)
Values
('Susan Mercado');
Insert into executive (full_name)
Values
('Katrina Mclean');
Insert into executive (full_name)
Values
('Jesus Garcia');
Insert into executive (full_name)
Values
('Richard Ibarra');
Insert into executive (full_name)
Values
('Michael Miller');

#########################################################################

Insert into programme (name, department)
Values
('Bio-process Engineering', 'Chemical Engineering');
Insert into programme (name, department)
Values
('Energy Innovation', 'Chemical Engineering');
Insert into programme (name, department)
Values
('Fuel Technology', 'Chemical Engineering');
Insert into programme (name, department)
Values
('Computer Modelling in Engineering', 'Civil Engineering');
Insert into programme (name, department)
Values
('Simulation Driven Product Design', 'Computational Engineering');
Insert into programme (name, department)
Values
('Micro Sensors and Actuators', 'Electrical and Electronic Engineering');
Insert into programme (name, department)
Values
('Nanoelectronics', 'Electrical and Electronic Engineering');
Insert into programme (name, department)
Values
('Telecommunication Systems', 'Electrical and Electronic Engineering');
Insert into programme (name, department)
Values
('Criminology', 'Law');
Insert into programme (name, department)
Values
('Empirical Studies in Law Pathway', 'Law');
Insert into programme (name, department)
Values
('Digital Humanities', 'Media and Communication');
Insert into programme (name, department)
Values
('Media Geographies', 'Media and Communication');
Insert into programme (name, department)
Values
('Screening/Staging Europe', 'Media and Communication');
Insert into programme (name, department)
Values
('Computer Modelling in Engineering', 'Computational Engineering');
Insert into programme (name, department)
Values
('Virtual Reality', 'Computational Engineering');
Insert into programme (name, department)
Values
('Biosciences', 'Environment');
Insert into programme (name, department)
Values
('Global Environmental Modelling', 'Environment');
Insert into programme (name, department)
Values
('Earth Observation', 'Geography');
Insert into programme (name, department)
Values
('Environmental Dynamics', 'Geography');
Insert into programme (name, department)
Values
('Glaciology', 'Geography');
Insert into programme (name, department)
Values
('Social Theory and Space', 'Geography');
Insert into programme (name, department)
Values
('Engineered Metals for High Performance Apps', 'Materials Engineering');
Insert into programme (name, department)
Values
('Structural Metals for Gas Turbines', 'Materials Engineering');
Insert into programme (name, department)
Values
('Materials, Modelling and Manufacturing', 'Materials Engineering');
Insert into programme (name, department)
Values
('Logic and Computation', 'Mathematics');
Insert into programme (name, department)
Values
('Stochastic Processes', 'Mathematics');
Insert into programme (name, department)
Values
('Health Informatics', 'Medicine');
Insert into programme (name, department)
Values
('Applied Analytical Science', 'Medicine');
Insert into programme (name, department)
Values
('Tissue Engineering and Regenerative Medicine', 'Medicine');
Insert into programme (name, department)
Values
('Applied Physics and Materials', 'Physics');
Insert into programme (name, department)
Values
('Experimental Physics', 'Physics');
Insert into programme (name, department)
Values
('Theoretical Physics', 'Physics');

#####################################################################################

Insert into organisation (name, abbreviation, postal_address, street, city)
Values
('Cantrell-Morgan', 'CM', '70803', '00223 Obrien Hill Suite 813', 'South Yvonne');
Insert into organisation (name, abbreviation, postal_address, street, city)
Values
('Lee, Trevino and Torres', 'LTAT', '04271', '21600 Ayers Plain', 'Oconnormouth');
Insert into organisation (name, abbreviation, postal_address, street, city)
Values
('Pugh-Gray', 'PG', '55104', '84360 Burns Spur Apt. 350', 'South Hannahland');
Insert into organisation (name, abbreviation, postal_address, street, city)
Values
('Nelson, Jennings and Sherman', 'NJAS', '05680', '4240 Knight Parkways Suite 383', 'Patriciaside');
Insert into organisation (name, abbreviation, postal_address, street, city)
Values
('Kaiser, Reed and Ruiz', 'KRAR', '98203', '1560 Daniel Parks Suite 538', 'South Nathan');
Insert into organisation (name, abbreviation, postal_address, street, city)
Values
('Miller, Guzman and Griffin', 'MGAG', '34619', '2697 Alan Alley', 'Melissaville');
Insert into organisation (name, abbreviation, postal_address, street, city)
Values
('Wright-Garcia', 'WG', '98000', '90531 Park Coves', 'Bakerhaven');
Insert into organisation (name, abbreviation, postal_address, street, city)
Values
('Cain, Rodriguez and Cook', 'CRAC', '86120', '23794 Burton Manors Apt. 629', 'Kennethfort');
Insert into organisation (name, abbreviation, postal_address, street, city)
Values
('Foster Inc', 'FI', '98082', '53974 Michael Vista Apt. 662', 'Collinsburgh');
Insert into organisation (name, abbreviation, postal_address, street, city)
Values
('Olson Ltd', 'OL', '01020', '035 David Hills Suite 545', 'Hudsonside');
Insert into organisation (name, abbreviation, postal_address, street, city)
Values
('Reynolds Inc', 'RI', '81088', '70580 Christopher Inlet', 'New Sabrinaport');
Insert into organisation (name, abbreviation, postal_address, street, city)
Values
('Smith-Ray', 'SR', '28384', '906 King Dale', 'Kevinhaven');
Insert into organisation (name, abbreviation, postal_address, street, city)
Values
('Gray Group', 'GG', '96891', '2567 Paul Streets', 'Christineburgh');
Insert into organisation (name, abbreviation, postal_address, street, city)
Values
('Moreno-Mccall', 'MM', '78266', '45700 Steven Park', 'Smithmouth');
Insert into organisation (name, abbreviation, postal_address, street, city)
Values
('Kerr, Richardson and Montoya', 'KRAM', '88499', '643 Kristen Rest Apt. 883', 'New Ronnietown');
Insert into organisation (name, abbreviation, postal_address, street, city)
Values
('Brown-Bentley', 'BB', '31095', '21474 Tammy Isle Suite 275', 'Waltersfurt');
Insert into organisation (name, abbreviation, postal_address, street, city)
Values
('Haas and Sons', 'HAS', '84803', '8024 White Viaduct', 'Matthewshire');
Insert into organisation (name, abbreviation, postal_address, street, city)
Values
('Williams-King', 'WK', '25067', '333 Robert Common Suite 662', 'Lake Gregoryhaven');
Insert into organisation (name, abbreviation, postal_address, street, city)
Values
('Bailey, Gordon and Contreras', 'BGAC', '90241', '8718 Madison Coves', 'New Jeremyfurt');
Insert into organisation (name, abbreviation, postal_address, street, city)
Values
('Ponce LLC', 'PL', '25852', '93912 Michael Harbor', 'Anthonyfurt');
Insert into organisation (name, abbreviation, postal_address, street, city)
Values
('Taylor PLC', 'TP', '13982', '3564 Patrick Field Suite 719', 'New Nathaniel');
Insert into organisation (name, abbreviation, postal_address, street, city)
Values
('Price-Marshall', 'PM', '23834', '529 Ryan Rapids Apt. 660', 'West David');
Insert into organisation (name, abbreviation, postal_address, street, city)
Values
('Collins-Martinez', 'CM', '82407', '513 Walker Inlet Suite 302', 'Port Matthew');
Insert into organisation (name, abbreviation, postal_address, street, city)
Values
('Gillespie LLC', 'GL', '15700', '4241 Sanchez Island', 'New Hailey');
Insert into organisation (name, abbreviation, postal_address, street, city)
Values
('Clark Group', 'CG', '25555', '46439 Grant Ville', 'West Brittany');
Insert into organisation (name, abbreviation, postal_address, street, city)
Values
('Smith-Wright', 'SW', '56284', '4589 Thomas Stream Suite 426', 'Townsendstad');
Insert into organisation (name, abbreviation, postal_address, street, city)
Values
('Bernard-Reynolds', 'BR', '75422', '26574 Bonnie Hollow', 'North Richardfort');
Insert into organisation (name, abbreviation, postal_address, street, city)
Values
('Beck-Roth', 'BR', '78129', '18170 Heather Throughway Apt. 581', 'South Daniel');
Insert into organisation (name, abbreviation, postal_address, street, city)
Values
('Larson, Mahoney and Garrett', 'LMAG', '36187', '8949 Hampton Isle', 'Rodriguezmouth');
Insert into organisation (name, abbreviation, postal_address, street, city)
Values
('Bentley and Sons', 'BAS', '65985', '9431 Brock Extension Apt. 064', 'Lake Julie');
Insert into organisation (name, abbreviation, postal_address, street, city)
Values
('Kennedy, Atkinson and Fisher', 'KAAF', '53303', '15486 Wade Village', 'Port Dillon');
Insert into organisation (name, abbreviation, postal_address, street, city)
Values
('Jenkins-Weaver', 'JW', '12286', '105 Christian Bridge', 'North Frank');
Insert into organisation (name, abbreviation, postal_address, street, city)
Values
('Cannon, Hill and Willis', 'CHAW', '84042', '591 Chad Trail Suite 345', 'Robinsonmouth');
Insert into organisation (name, abbreviation, postal_address, street, city)
Values
('Ramirez Inc', 'RI', '39462', '82951 Matthew River', 'Port Patricia');
Insert into organisation (name, abbreviation, postal_address, street, city)
Values
('Caldwell-Gray', 'CG', '31758', '70817 Susan Lodge Apt. 398', 'Cynthiaborough');
Insert into organisation (name, abbreviation, postal_address, street, city)
Values
('Gomez, Butler and Park', 'GBAP', '49765', '82881 Michael Avenue Suite 849', 'Maxwellmouth');
Insert into organisation (name, abbreviation, postal_address, street, city)
Values
('Hendricks-Thomas', 'HT', '06114', '229 Diane Turnpike Apt. 849', 'Kimburgh');
Insert into organisation (name, abbreviation, postal_address, street, city)
Values
('Stein Ltd', 'SL', '21596', '49941 Scott Drive Suite 946', 'Wilsonhaven');
Insert into organisation (name, abbreviation, postal_address, street, city)
Values
('Scott-Hernandez', 'SH', '96677', '52475 Patricia Union', 'Robinsonmouth');
Insert into organisation (name, abbreviation, postal_address, street, city)
Values
('Garza-Allen', 'GA', '88959', '6499 Sheppard Light Apt. 443', 'Madisonton');

###################################################################################

Insert into science_field (name)
Values
('Physics');
Insert into science_field (name)
Values
('Medicine');
Insert into science_field (name)
Values
('Materials Engineering');
Insert into science_field (name)
Values
('Electrical and Electronic Engineering');
Insert into science_field (name)
Values
('Environment');
Insert into science_field (name)
Values
('Mathematics');
Insert into science_field (name)
Values
('Law');
Insert into science_field (name)
Values
('Computational Engineering');
Insert into science_field (name)
Values
('Geography');
Insert into science_field (name)
Values
('Media and Communication');
Insert into science_field (name)
Values
('Civil Engineering');
Insert into science_field (name)
Values
('Chemical Engineering');

######################################################3

Insert into company (organisation_id, own_budget)
Values
( 17 , 162100 );
Insert into company (organisation_id, own_budget)
Values
( 25 , 3500 );
Insert into company (organisation_id, own_budget)
Values
( 13 , 81200 );
Insert into company (organisation_id, own_budget)
Values
( 1 , 959600 );
Insert into company (organisation_id, own_budget)
Values
( 20 , 285100 );
Insert into company (organisation_id, own_budget)
Values
( 36 , 243500 );
Insert into company (organisation_id, own_budget)
Values
( 21 , 170200 );
Insert into company (organisation_id, own_budget)
Values
( 6 , 727100 );
Insert into company (organisation_id, own_budget)
Values
( 24 , 986300 );
Insert into company (organisation_id, own_budget)
Values
( 33 , 155800 );
Insert into company (organisation_id, own_budget)
Values
( 19 , 964200 );
Insert into company (organisation_id, own_budget)
Values
( 7 , 183700 );
Insert into company (organisation_id, own_budget)
Values
( 39 , 634000 );
Insert into university (organisation_id, ministry_budget)
Values
( 2 , 423100 );
Insert into university (organisation_id, ministry_budget)
Values
( 27 , 326400 );
Insert into university (organisation_id, ministry_budget)
Values
( 15 , 128500 );
Insert into university (organisation_id, ministry_budget)
Values
( 14 , 340600 );
Insert into university (organisation_id, ministry_budget)
Values
( 22 , 959600 );
Insert into university (organisation_id, ministry_budget)
Values
( 18 , 285800 );
Insert into university (organisation_id, ministry_budget)
Values
( 9 , 19400 );
Insert into university (organisation_id, ministry_budget)
Values
( 4 , 792900 );
Insert into university (organisation_id, ministry_budget)
Values
( 3 , 703500 );
Insert into university (organisation_id, ministry_budget)
Values
( 26 , 964000 );
Insert into research_centre (organisation_id, ministry_budget, private_budget)
Values
( 29 , 183200 , 734600 );
Insert into research_centre (organisation_id, ministry_budget, private_budget)
Values
( 23 , 16400 , 399700 );
Insert into research_centre (organisation_id, ministry_budget, private_budget)
Values
( 8 , 429900 , 75800 );
Insert into research_centre (organisation_id, ministry_budget, private_budget)
Values
( 16 , 88900 , 80500 );
Insert into research_centre (organisation_id, ministry_budget, private_budget)
Values
( 34 , 89500 , 558400 );
Insert into research_centre (organisation_id, ministry_budget, private_budget)
Values
( 31 , 600000 , 679600 );
Insert into research_centre (organisation_id, ministry_budget, private_budget)
Values
( 30 , 189700 , 553100 );
Insert into research_centre (organisation_id, ministry_budget, private_budget)
Values
( 11 , 746100 , 696900 );
Insert into research_centre (organisation_id, ministry_budget, private_budget)
Values
( 38 , 625200 , 584400 );
Insert into research_centre (organisation_id, ministry_budget, private_budget)
Values
( 28 , 802900 , 612000 );
Insert into research_centre (organisation_id, ministry_budget, private_budget)
Values
( 10 , 131600 , 882800 );
Insert into research_centre (organisation_id, ministry_budget, private_budget)
Values
( 35 , 115200 , 131200 );
Insert into research_centre (organisation_id, ministry_budget, private_budget)
Values
( 12 , 617200 , 562600 );
Insert into research_centre (organisation_id, ministry_budget, private_budget)
Values
( 32 , 421100 , 420900 );
Insert into research_centre (organisation_id, ministry_budget, private_budget)
Values
( 40 , 299300 , 629700 );
Insert into research_centre (organisation_id, ministry_budget, private_budget)
Values
( 5 , 369100 , 299500 );
Insert into research_centre (organisation_id, ministry_budget, private_budget)
Values
( 37 , 847000 , 918000 );

###############################################################################################333

Insert into phone_number (organisation_id, number)
Values
( 13 ,'4877851617');
Insert into phone_number (organisation_id, number)
Values
( 13 ,'4542570107');
Insert into phone_number (organisation_id, number)
Values
( 36 ,'4344966088');
Insert into phone_number (organisation_id, number)
Values
( 36 ,'3777930732');
Insert into phone_number (organisation_id, number)
Values
( 12 ,'3269769460');
Insert into phone_number (organisation_id, number)
Values
( 12 ,'1621123355');
Insert into phone_number (organisation_id, number)
Values
( 12 ,'7859771863');
Insert into phone_number (organisation_id, number)
Values
( 40 ,'5791164713');
Insert into phone_number (organisation_id, number)
Values
( 40 ,'5775213891');
Insert into phone_number (organisation_id, number)
Values
( 40 ,'4652605420');
Insert into phone_number (organisation_id, number)
Values
( 11 ,'2517409417');
Insert into phone_number (organisation_id, number)
Values
( 11 ,'1204190574');
Insert into phone_number (organisation_id, number)
Values
( 11 ,'7327479295');
Insert into phone_number (organisation_id, number)
Values
( 21 ,'7804851384');
Insert into phone_number (organisation_id, number)
Values
( 21 ,'1878181503');
Insert into phone_number (organisation_id, number)
Values
( 21 ,'6015318443');
Insert into phone_number (organisation_id, number)
Values
( 18 ,'2803422577');
Insert into phone_number (organisation_id, number)
Values
( 18 ,'3342258662');
Insert into phone_number (organisation_id, number)
Values
( 9 ,'4904806981');
Insert into phone_number (organisation_id, number)
Values
( 9 ,'7579899989');
Insert into phone_number (organisation_id, number)
Values
( 9 ,'1016729486');
Insert into phone_number (organisation_id, number)
Values
( 16 ,'8106634155');
Insert into phone_number (organisation_id, number)
Values
( 16 ,'4717314586');
Insert into phone_number (organisation_id, number)
Values
( 16 ,'4784577665');
Insert into phone_number (organisation_id, number)
Values
( 34 ,'9042464622');
Insert into phone_number (organisation_id, number)
Values
( 34 ,'2949125297');
Insert into phone_number (organisation_id, number)
Values
( 25 ,'3766424712');
Insert into phone_number (organisation_id, number)
Values
( 25 ,'6901417312');
Insert into phone_number (organisation_id, number)
Values
( 25 ,'5349566650');
Insert into phone_number (organisation_id, number)
Values
( 26 ,'1984014673');
Insert into phone_number (organisation_id, number)
Values
( 26 ,'6104999295');
Insert into phone_number (organisation_id, number)
Values
( 37 ,'8030623551');
Insert into phone_number (organisation_id, number)
Values
( 37 ,'2209134626');
Insert into phone_number (organisation_id, number)
Values
( 37 ,'6430577614');
Insert into phone_number (organisation_id, number)
Values
( 27 ,'3796177693');
Insert into phone_number (organisation_id, number)
Values
( 27 ,'5659568991');
Insert into phone_number (organisation_id, number)
Values
( 27 ,'4823265481');
Insert into phone_number (organisation_id, number)
Values
( 39 ,'8087501039');
Insert into phone_number (organisation_id, number)
Values
( 39 ,'3208413028');
Insert into phone_number (organisation_id, number)
Values
( 39 ,'9833085830');
Insert into phone_number (organisation_id, number)
Values
( 7 ,'3359967957');
Insert into phone_number (organisation_id, number)
Values
( 4 ,'8338244962');
Insert into phone_number (organisation_id, number)
Values
( 4 ,'4490187536');
Insert into phone_number (organisation_id, number)
Values
( 35 ,'1175364185');
Insert into phone_number (organisation_id, number)
Values
( 14 ,'1394342809');
Insert into phone_number (organisation_id, number)
Values
( 14 ,'7039908910');
Insert into phone_number (organisation_id, number)
Values
( 14 ,'1213746915');
Insert into phone_number (organisation_id, number)
Values
( 20 ,'4371088311');
Insert into phone_number (organisation_id, number)
Values
( 20 ,'3984714234');
Insert into phone_number (organisation_id, number)
Values
( 31 ,'8650188620');
Insert into phone_number (organisation_id, number)
Values
( 6 ,'5981121541');
Insert into phone_number (organisation_id, number)
Values
( 22 ,'4310579292');
Insert into phone_number (organisation_id, number)
Values
( 22 ,'2307476735');
Insert into phone_number (organisation_id, number)
Values
( 22 ,'7324689435');
Insert into phone_number (organisation_id, number)
Values
( 38 ,'8458072389');
Insert into phone_number (organisation_id, number)
Values
( 38 ,'3449392681');
Insert into phone_number (organisation_id, number)
Values
( 38 ,'2041947227');
Insert into phone_number (organisation_id, number)
Values
( 15 ,'8684995598');
Insert into phone_number (organisation_id, number)
Values
( 15 ,'3757757135');
Insert into phone_number (organisation_id, number)
Values
( 15 ,'4997419213');
Insert into phone_number (organisation_id, number)
Values
( 3 ,'2279645739');
Insert into phone_number (organisation_id, number)
Values
( 3 ,'8220469865');
Insert into phone_number (organisation_id, number)
Values
( 5 ,'5176602535');
Insert into phone_number (organisation_id, number)
Values
( 17 ,'8679765579');
Insert into phone_number (organisation_id, number)
Values
( 17 ,'8350982788');
Insert into phone_number (organisation_id, number)
Values
( 33 ,'6213797380');
Insert into phone_number (organisation_id, number)
Values
( 2 ,'7164543721');
Insert into phone_number (organisation_id, number)
Values
( 28 ,'5961483925');
Insert into phone_number (organisation_id, number)
Values
( 28 ,'5487813766');
Insert into phone_number (organisation_id, number)
Values
( 29 ,'2455255692');
Insert into phone_number (organisation_id, number)
Values
( 29 ,'2840889956');
Insert into phone_number (organisation_id, number)
Values
( 29 ,'4349555432');
Insert into phone_number (organisation_id, number)
Values
( 8 ,'5880614939');
Insert into phone_number (organisation_id, number)
Values
( 1 ,'8863896814');
Insert into phone_number (organisation_id, number)
Values
( 1 ,'3399031519');
Insert into phone_number (organisation_id, number)
Values
( 10 ,'6379989835');
Insert into phone_number (organisation_id, number)
Values
( 10 ,'5362583185');
Insert into phone_number (organisation_id, number)
Values
( 24 ,'3170989783');
Insert into phone_number (organisation_id, number)
Values
( 24 ,'2189661132');
Insert into phone_number (organisation_id, number)
Values
( 30 ,'3781351328');
Insert into phone_number (organisation_id, number)
Values
( 30 ,'8062633909');
Insert into phone_number (organisation_id, number)
Values
( 30 ,'6734246360');
Insert into phone_number (organisation_id, number)
Values
( 19 ,'7069514789');
Insert into phone_number (organisation_id, number)
Values
( 32 ,'8029200303');
Insert into phone_number (organisation_id, number)
Values
( 32 ,'9528076945');
Insert into phone_number (organisation_id, number)
Values
( 32 ,'4405419842');
Insert into phone_number (organisation_id, number)
Values
( 23 ,'9933218892');

###########################################################

Insert into researcher (first_name, last_name, birth_date, sex, employee_organisation_id, employee_date)
Values
('Christopher', 'Houston', '1935-02-11', 'MALE', 1, '1965-07-25');
Insert into researcher (first_name, last_name, birth_date, sex, employee_organisation_id, employee_date)
Values
('Catherine', 'Lawson', '1969-05-09', 'MALE', 2, '2004-06-17');
Insert into researcher (first_name, last_name, birth_date, sex, employee_organisation_id, employee_date)
Values
('Danielle', 'Lara', '1948-12-21', 'FEMALE', 3, '1996-04-07');
Insert into researcher (first_name, last_name, birth_date, sex, employee_organisation_id, employee_date)
Values
('Amy', 'Wallace', '1996-09-12', 'MALE', 4, '2017-11-06');
Insert into researcher (first_name, last_name, birth_date, sex, employee_organisation_id, employee_date)
Values
('Monica', 'Cox', '1963-12-04', 'MALE', 5, '1984-05-09');
Insert into researcher (first_name, last_name, birth_date, sex, employee_organisation_id, employee_date)
Values
('Norman', 'Snow', '1970-10-04', 'FEMALE', 6, '2019-08-19');
Insert into researcher (first_name, last_name, birth_date, sex, employee_organisation_id, employee_date)
Values
('Ann', 'Young', '1998-12-21', 'MALE', 7, '2018-05-11');
Insert into researcher (first_name, last_name, birth_date, sex, employee_organisation_id, employee_date)
Values
('Mark', 'Taylor', '1930-08-30', 'FEMALE', 8, '1972-09-12');
Insert into researcher (first_name, last_name, birth_date, sex, employee_organisation_id, employee_date)
Values
('Yolanda', 'Craig', '1996-11-09', 'FEMALE', 9, '2017-11-26');
Insert into researcher (first_name, last_name, birth_date, sex, employee_organisation_id, employee_date)
Values
('Laura', 'Navarro', '1952-03-01', 'MALE', 10, '2000-06-23');
Insert into researcher (first_name, last_name, birth_date, sex, employee_organisation_id, employee_date)
Values
('Brittney', 'Trevino', '1976-12-28', 'MALE', 11, '2021-11-06');
Insert into researcher (first_name, last_name, birth_date, sex, employee_organisation_id, employee_date)
Values
('Stephanie', 'Ross', '1988-02-01', 'FEMALE', 12, '2008-10-24');
Insert into researcher (first_name, last_name, birth_date, sex, employee_organisation_id, employee_date)
Values
('Alyssa', 'Burns', '1990-03-19', 'FEMALE', 13, '2019-05-05');
Insert into researcher (first_name, last_name, birth_date, sex, employee_organisation_id, employee_date)
Values
('Zachary', 'Hogan', '1995-03-15', 'MALE', 14, '2021-09-16');
Insert into researcher (first_name, last_name, birth_date, sex, employee_organisation_id, employee_date)
Values
('Michael', 'Swanson', '1989-04-19', 'MALE', 15, '2015-02-16');
Insert into researcher (first_name, last_name, birth_date, sex, employee_organisation_id, employee_date)
Values
('Tommy', 'Walker', '2003-04-21', 'MALE', 16, '2022-04-05');
Insert into researcher (first_name, last_name, birth_date, sex, employee_organisation_id, employee_date)
Values
('Holly', 'Martin', '1971-08-09', 'FEMALE', 17, '2017-04-23');
Insert into researcher (first_name, last_name, birth_date, sex, employee_organisation_id, employee_date)
Values
('Kyle', 'Bernard', '1963-11-29', 'FEMALE', 18, '2014-07-18');
Insert into researcher (first_name, last_name, birth_date, sex, employee_organisation_id, employee_date)
Values
('April', 'Curtis', '1996-01-17', 'FEMALE', 19, '2018-10-24');
Insert into researcher (first_name, last_name, birth_date, sex, employee_organisation_id, employee_date)
Values
('Jessica', 'Richardson', '1982-10-06', 'FEMALE', 20, '2011-05-12');
Insert into researcher (first_name, last_name, birth_date, sex, employee_organisation_id, employee_date)
Values
('Lori', 'Velez', '1937-09-03', 'MALE', 21, '2009-01-11');
Insert into researcher (first_name, last_name, birth_date, sex, employee_organisation_id, employee_date)
Values
('Daniel', 'Andrews', '1953-06-19', 'FEMALE', 22, '2022-02-18');
Insert into researcher (first_name, last_name, birth_date, sex, employee_organisation_id, employee_date)
Values
('Brittany', 'Fleming', '1934-01-27', 'MALE', 23, '1989-03-24');
Insert into researcher (first_name, last_name, birth_date, sex, employee_organisation_id, employee_date)
Values
('Alexandra', 'Nash', '1941-11-17', 'FEMALE', 24, '2011-03-14');
Insert into researcher (first_name, last_name, birth_date, sex, employee_organisation_id, employee_date)
Values
('Sherry', 'Brown', '1960-09-26', 'MALE', 25, '1993-01-17');
Insert into researcher (first_name, last_name, birth_date, sex, employee_organisation_id, employee_date)
Values
('Michael', 'Jackson', '1931-10-03', 'FEMALE', 26, '1957-06-21');
Insert into researcher (first_name, last_name, birth_date, sex, employee_organisation_id, employee_date)
Values
('Darius', 'Jones', '1930-08-10', 'MALE', 27, '1959-11-17');
Insert into researcher (first_name, last_name, birth_date, sex, employee_organisation_id, employee_date)
Values
('Nathan', 'Anderson', '1932-12-23', 'FEMALE', 28, '1953-11-04');
Insert into researcher (first_name, last_name, birth_date, sex, employee_organisation_id, employee_date)
Values
('Isaiah', 'Holt', '1948-10-19', 'MALE', 29, '2016-10-15');
Insert into researcher (first_name, last_name, birth_date, sex, employee_organisation_id, employee_date)
Values
('Bradley', 'Branch', '1979-11-22', 'MALE', 30, '2017-12-07');
Insert into researcher (first_name, last_name, birth_date, sex, employee_organisation_id, employee_date)
Values
('Adam', 'Mays', '1948-01-10', 'FEMALE', 31, '1968-06-24');
Insert into researcher (first_name, last_name, birth_date, sex, employee_organisation_id, employee_date)
Values
('Matthew', 'Johnson', '1942-10-23', 'MALE', 32, '1980-04-05');
Insert into researcher (first_name, last_name, birth_date, sex, employee_organisation_id, employee_date)
Values
('Katie', 'Singh', '1988-06-23', 'MALE', 33, '2015-11-05');
Insert into researcher (first_name, last_name, birth_date, sex, employee_organisation_id, employee_date)
Values
('Michelle', 'Thornton', '1963-05-04', 'MALE', 34, '2008-09-02');
Insert into researcher (first_name, last_name, birth_date, sex, employee_organisation_id, employee_date)
Values
('Clarence', 'Mcdaniel', '1991-10-05', 'FEMALE', 35, '2013-08-01');
Insert into researcher (first_name, last_name, birth_date, sex, employee_organisation_id, employee_date)
Values
('Seth', 'Baxter', '1941-04-21', 'FEMALE', 36, '1960-12-08');
Insert into researcher (first_name, last_name, birth_date, sex, employee_organisation_id, employee_date)
Values
('Brenda', 'Long', '1944-10-09', 'FEMALE', 37, '1998-01-11');
Insert into researcher (first_name, last_name, birth_date, sex, employee_organisation_id, employee_date)
Values
('Douglas', 'Moyer', '1997-06-24', 'FEMALE', 38, '2018-04-03');
Insert into researcher (first_name, last_name, birth_date, sex, employee_organisation_id, employee_date)
Values
('Catherine', 'Barnes', '1962-09-05', 'FEMALE', 39, '1998-06-26');
Insert into researcher (first_name, last_name, birth_date, sex, employee_organisation_id, employee_date)
Values
('Ellen', 'King', '1929-11-14', 'FEMALE', 40, '1966-12-27');
Insert into researcher (first_name, last_name, birth_date, sex, employee_organisation_id, employee_date)
Values
('George', 'Chavez', '1945-05-04', 'MALE', 1, '1974-04-17');
Insert into researcher (first_name, last_name, birth_date, sex, employee_organisation_id, employee_date)
Values
('Sabrina', 'Erickson', '1958-12-11', 'FEMALE', 2, '2011-07-08');
Insert into researcher (first_name, last_name, birth_date, sex, employee_organisation_id, employee_date)
Values
('Jesse', 'Garza', '1931-09-09', 'FEMALE', 3, '1983-04-05');
Insert into researcher (first_name, last_name, birth_date, sex, employee_organisation_id, employee_date)
Values
('Gabrielle', 'Ramirez', '1976-05-22', 'FEMALE', 4, '2003-02-09');
Insert into researcher (first_name, last_name, birth_date, sex, employee_organisation_id, employee_date)
Values
('Austin', 'Ortiz', '1928-01-27', 'FEMALE', 5, '1966-08-16');
Insert into researcher (first_name, last_name, birth_date, sex, employee_organisation_id, employee_date)
Values
('Jennifer', 'Allen', '1942-07-19', 'MALE', 6, '1995-05-19');
Insert into researcher (first_name, last_name, birth_date, sex, employee_organisation_id, employee_date)
Values
('Hunter', 'Hall', '1940-12-29', 'FEMALE', 7, '1960-04-30');
Insert into researcher (first_name, last_name, birth_date, sex, employee_organisation_id, employee_date)
Values
('Abigail', 'Marshall', '1956-12-30', 'FEMALE', 8, '1976-08-24');
Insert into researcher (first_name, last_name, birth_date, sex, employee_organisation_id, employee_date)
Values
('Jason', 'Knox', '1969-07-27', 'MALE', 9, '2013-06-01');
Insert into researcher (first_name, last_name, birth_date, sex, employee_organisation_id, employee_date)
Values
('Ronald', 'Smith', '1956-01-07', 'MALE', 10, '2003-07-09');
Insert into researcher (first_name, last_name, birth_date, sex, employee_organisation_id, employee_date)
Values
('Sarah', 'Perkins', '1934-05-22', 'MALE', 11, '2009-04-07');
Insert into researcher (first_name, last_name, birth_date, sex, employee_organisation_id, employee_date)
Values
('Leah', 'Diaz', '1940-03-07', 'FEMALE', 12, '2003-04-22');
Insert into researcher (first_name, last_name, birth_date, sex, employee_organisation_id, employee_date)
Values
('Cheryl', 'Roberts', '1998-01-30', 'MALE', 13, '2017-01-28');
Insert into researcher (first_name, last_name, birth_date, sex, employee_organisation_id, employee_date)
Values
('Andrew', 'Jennings', '1978-01-28', 'FEMALE', 14, '2006-07-21');
Insert into researcher (first_name, last_name, birth_date, sex, employee_organisation_id, employee_date)
Values
('Kevin', 'Pittman', '1941-03-08', 'FEMALE', 15, '1966-04-26');
Insert into researcher (first_name, last_name, birth_date, sex, employee_organisation_id, employee_date)
Values
('Brian', 'Walsh', '1929-07-22', 'FEMALE', 16, '2008-12-24');
Insert into researcher (first_name, last_name, birth_date, sex, employee_organisation_id, employee_date)
Values
('Pamela', 'Austin', '1990-06-23', 'MALE', 17, '2012-01-03');
Insert into researcher (first_name, last_name, birth_date, sex, employee_organisation_id, employee_date)
Values
('Andrew', 'Torres', '1928-02-21', 'MALE', 18, '1984-10-29');
Insert into researcher (first_name, last_name, birth_date, sex, employee_organisation_id, employee_date)
Values
('Kari', 'Lee', '1937-11-01', 'FEMALE', 19, '1970-09-26');
Insert into researcher (first_name, last_name, birth_date, sex, employee_organisation_id, employee_date)
Values
('Jennifer', 'Cooper', '1978-03-27', 'MALE', 20, '2009-07-20');
Insert into researcher (first_name, last_name, birth_date, sex, employee_organisation_id, employee_date)
Values
('David', 'Miller', '1943-12-26', 'FEMALE', 21, '1979-04-08');
Insert into researcher (first_name, last_name, birth_date, sex, employee_organisation_id, employee_date)
Values
('Peter', 'Lewis', '1972-12-09', 'FEMALE', 22, '2012-09-25');
Insert into researcher (first_name, last_name, birth_date, sex, employee_organisation_id, employee_date)
Values
('Christine', 'Ruiz', '1941-10-05', 'FEMALE', 23, '1961-06-05');
Insert into researcher (first_name, last_name, birth_date, sex, employee_organisation_id, employee_date)
Values
('Kelly', 'Thomas', '1933-04-17', 'MALE', 24, '2019-01-19');
Insert into researcher (first_name, last_name, birth_date, sex, employee_organisation_id, employee_date)
Values
('Todd', 'Glenn', '1978-06-11', 'FEMALE', 25, '2005-07-31');
Insert into researcher (first_name, last_name, birth_date, sex, employee_organisation_id, employee_date)
Values
('Mary', 'Phillips', '1984-06-08', 'FEMALE', 26, '2019-03-02');
Insert into researcher (first_name, last_name, birth_date, sex, employee_organisation_id, employee_date)
Values
('Tracy', 'Green', '1958-12-10', 'FEMALE', 27, '1987-07-28');
Insert into researcher (first_name, last_name, birth_date, sex, employee_organisation_id, employee_date)
Values
('Brenda', 'Meyers', '1985-08-14', 'MALE', 28, '2006-06-22');
Insert into researcher (first_name, last_name, birth_date, sex, employee_organisation_id, employee_date)
Values
('Michael', 'Cuevas', '1940-06-22', 'MALE', 29, '1963-04-21');
Insert into researcher (first_name, last_name, birth_date, sex, employee_organisation_id, employee_date)
Values
('Robert', 'Woodard', '1947-05-10', 'FEMALE', 30, '2020-03-17');
Insert into researcher (first_name, last_name, birth_date, sex, employee_organisation_id, employee_date)
Values
('Terri', 'Myers', '1932-07-12', 'MALE', 31, '1968-01-03');
Insert into researcher (first_name, last_name, birth_date, sex, employee_organisation_id, employee_date)
Values
('Gerald', 'Mitchell', '1972-04-01', 'FEMALE', 32, '2005-03-02');
Insert into researcher (first_name, last_name, birth_date, sex, employee_organisation_id, employee_date)
Values
('Valerie', 'Novak', '1948-08-25', 'MALE', 33, '2003-06-11');
Insert into researcher (first_name, last_name, birth_date, sex, employee_organisation_id, employee_date)
Values
('Mark', 'Wright', '1985-01-30', 'FEMALE', 34, '2006-05-04');
Insert into researcher (first_name, last_name, birth_date, sex, employee_organisation_id, employee_date)
Values
('Gavin', 'Moore', '1997-05-24', 'MALE', 35, '2017-07-27');
Insert into researcher (first_name, last_name, birth_date, sex, employee_organisation_id, employee_date)
Values
('Nancy', 'Howard', '1959-04-29', 'MALE', 36, '2004-10-24');
Insert into researcher (first_name, last_name, birth_date, sex, employee_organisation_id, employee_date)
Values
('Scott', 'Larson', '1947-02-13', 'FEMALE', 37, '1996-11-10');
Insert into researcher (first_name, last_name, birth_date, sex, employee_organisation_id, employee_date)
Values
('William', 'Olson', '1951-12-21', 'FEMALE', 38, '1996-09-09');
Insert into researcher (first_name, last_name, birth_date, sex, employee_organisation_id, employee_date)
Values
('Jennifer', 'Zuniga', '1982-07-11', 'MALE', 39, '2009-02-22');
Insert into researcher (first_name, last_name, birth_date, sex, employee_organisation_id, employee_date)
Values
('Suzanne', 'Rivera', '1991-09-22', 'FEMALE', 40, '2015-11-02');
Insert into researcher (first_name, last_name, birth_date, sex, employee_organisation_id, employee_date)
Values
('Lori', 'Patel', '1938-07-01', 'MALE', 1, '2008-04-23');
Insert into researcher (first_name, last_name, birth_date, sex, employee_organisation_id, employee_date)
Values
('Lisa', 'Reyes', '1952-12-26', 'MALE', 2, '1998-05-18');
Insert into researcher (first_name, last_name, birth_date, sex, employee_organisation_id, employee_date)
Values
('Steven', 'Dawson', '1928-12-29', 'MALE', 3, '1989-07-28');
Insert into researcher (first_name, last_name, birth_date, sex, employee_organisation_id, employee_date)
Values
('Gregory', 'Davis', '1990-11-18', 'FEMALE', 4, '2019-12-05');
Insert into researcher (first_name, last_name, birth_date, sex, employee_organisation_id, employee_date)
Values
('Jessica', 'Obrien', '1982-04-03', 'FEMALE', 5, '2007-08-10');
Insert into researcher (first_name, last_name, birth_date, sex, employee_organisation_id, employee_date)
Values
('Peter', 'Grant', '1956-09-29', 'MALE', 6, '1981-07-26');
Insert into researcher (first_name, last_name, birth_date, sex, employee_organisation_id, employee_date)
Values
('Julie', 'Willis', '1954-07-29', 'FEMALE', 7, '1991-03-27');
Insert into researcher (first_name, last_name, birth_date, sex, employee_organisation_id, employee_date)
Values
('Linda', 'Salazar', '1953-06-24', 'MALE', 8, '2004-10-18');
Insert into researcher (first_name, last_name, birth_date, sex, employee_organisation_id, employee_date)
Values
('Jon', 'Knight', '1986-07-16', 'MALE', 9, '2020-12-04');
Insert into researcher (first_name, last_name, birth_date, sex, employee_organisation_id, employee_date)
Values
('Jamie', 'Rasmussen', '1990-12-27', 'FEMALE', 10, '2021-02-05');
Insert into researcher (first_name, last_name, birth_date, sex, employee_organisation_id, employee_date)
Values
('Aaron', 'Washington', '1937-04-30', 'FEMALE', 11, '1979-02-24');
Insert into researcher (first_name, last_name, birth_date, sex, employee_organisation_id, employee_date)
Values
('Sara', 'Nielsen', '1936-04-28', 'FEMALE', 12, '2020-04-26');
Insert into researcher (first_name, last_name, birth_date, sex, employee_organisation_id, employee_date)
Values
('Natalie', 'Stevens', '1989-12-05', 'MALE', 13, '2012-06-15');
Insert into researcher (first_name, last_name, birth_date, sex, employee_organisation_id, employee_date)
Values
('Karen', 'Thompson', '1938-04-12', 'FEMALE', 14, '1998-01-05');
Insert into researcher (first_name, last_name, birth_date, sex, employee_organisation_id, employee_date)
Values
('Emily', 'Cobb', '1982-06-20', 'MALE', 15, '2009-02-20');
Insert into researcher (first_name, last_name, birth_date, sex, employee_organisation_id, employee_date)
Values
('Francisco', 'James', '1945-10-09', 'MALE', 16, '1967-06-10');
Insert into researcher (first_name, last_name, birth_date, sex, employee_organisation_id, employee_date)
Values
('Kenneth', 'Medina', '1990-08-28', 'MALE', 17, '2020-02-20');
Insert into researcher (first_name, last_name, birth_date, sex, employee_organisation_id, employee_date)
Values
('Scott', 'Harrell', '1979-06-14', 'MALE', 18, '2016-08-20');
Insert into researcher (first_name, last_name, birth_date, sex, employee_organisation_id, employee_date)
Values
('Deborah', 'Webb', '1969-05-24', 'MALE', 19, '2021-04-15');
Insert into researcher (first_name, last_name, birth_date, sex, employee_organisation_id, employee_date)
Values
('Robin', 'Holloway', '2000-09-18', 'MALE', 20, '2021-09-22');
Insert into researcher (first_name, last_name, birth_date, sex, employee_organisation_id, employee_date)
Values
('Debbie', 'Flynn', '1968-10-24', 'FEMALE', 21, '2009-07-05');
Insert into researcher (first_name, last_name, birth_date, sex, employee_organisation_id, employee_date)
Values
('Mary', 'Schultz', '1980-11-24', 'MALE', 22, '2016-07-06');
Insert into researcher (first_name, last_name, birth_date, sex, employee_organisation_id, employee_date)
Values
('Alyssa', 'Rosales', '1980-08-24', 'FEMALE', 23, '2018-12-02');
Insert into researcher (first_name, last_name, birth_date, sex, employee_organisation_id, employee_date)
Values
('Christopher', 'Williams', '1996-02-07', 'MALE', 24, '2019-06-09');
Insert into researcher (first_name, last_name, birth_date, sex, employee_organisation_id, employee_date)
Values
('Jesse', 'Rosario', '1989-09-08', 'MALE', 25, '2017-03-22');
Insert into researcher (first_name, last_name, birth_date, sex, employee_organisation_id, employee_date)
Values
('Lori', 'Gray', '1942-08-27', 'FEMALE', 26, '2006-08-07');
Insert into researcher (first_name, last_name, birth_date, sex, employee_organisation_id, employee_date)
Values
('Lucas', 'Ellis', '1977-01-14', 'MALE', 27, '2002-04-18');
Insert into researcher (first_name, last_name, birth_date, sex, employee_organisation_id, employee_date)
Values
('Scott', 'Carter', '1950-01-28', 'MALE', 28, '2001-12-03');
Insert into researcher (first_name, last_name, birth_date, sex, employee_organisation_id, employee_date)
Values
('Scott', 'Bowman', '1945-08-20', 'FEMALE', 29, '2012-07-07');
Insert into researcher (first_name, last_name, birth_date, sex, employee_organisation_id, employee_date)
Values
('Erik', 'Barron', '1964-07-29', 'FEMALE', 30, '2004-10-05');
Insert into researcher (first_name, last_name, birth_date, sex, employee_organisation_id, employee_date)
Values
('Karen', 'Mathis', '1991-03-26', 'MALE', 31, '2012-06-10');
Insert into researcher (first_name, last_name, birth_date, sex, employee_organisation_id, employee_date)
Values
('Donald', 'Adams', '1952-08-22', 'FEMALE', 32, '1994-11-10');
Insert into researcher (first_name, last_name, birth_date, sex, employee_organisation_id, employee_date)
Values
('Nicholas', 'Stokes', '2002-05-09', 'FEMALE', 33, '2021-09-07');
Insert into researcher (first_name, last_name, birth_date, sex, employee_organisation_id, employee_date)
Values
('Natalie', 'Howe', '1973-12-30', 'FEMALE', 34, '2001-07-14');
Insert into researcher (first_name, last_name, birth_date, sex, employee_organisation_id, employee_date)
Values
('Julia', 'Potter', '1995-10-27', 'MALE', 35, '2019-04-05');
Insert into researcher (first_name, last_name, birth_date, sex, employee_organisation_id, employee_date)
Values
('Cindy', 'Lambert', '1967-02-07', 'MALE', 36, '2021-04-15');
Insert into researcher (first_name, last_name, birth_date, sex, employee_organisation_id, employee_date)
Values
('Randall', 'Gomez', '1977-06-04', 'MALE', 37, '2005-11-28');
Insert into researcher (first_name, last_name, birth_date, sex, employee_organisation_id, employee_date)
Values
('Patricia', 'Lopez', '1992-04-14', 'FEMALE', 38, '2011-10-06');
Insert into researcher (first_name, last_name, birth_date, sex, employee_organisation_id, employee_date)
Values
('Tammy', 'Garcia', '1978-12-31', 'FEMALE', 39, '2001-04-22');
Insert into researcher (first_name, last_name, birth_date, sex, employee_organisation_id, employee_date)
Values
('Chase', 'Johns', '1950-02-26', 'FEMALE', 40, '1992-08-01');
Insert into researcher (first_name, last_name, birth_date, sex, employee_organisation_id, employee_date)
Values
('Amy', 'Bass', '1986-10-24', 'MALE', 1, '2005-01-31');
Insert into researcher (first_name, last_name, birth_date, sex, employee_organisation_id, employee_date)
Values
('Justin', 'Little', '1980-06-25', 'FEMALE', 2, '2016-11-18');
Insert into researcher (first_name, last_name, birth_date, sex, employee_organisation_id, employee_date)
Values
('Leslie', 'Harris', '1947-11-29', 'MALE', 3, '1990-05-20');
Insert into researcher (first_name, last_name, birth_date, sex, employee_organisation_id, employee_date)
Values
('Robert', 'Bishop', '1961-07-29', 'FEMALE', 4, '1989-03-07');
Insert into researcher (first_name, last_name, birth_date, sex, employee_organisation_id, employee_date)
Values
('Deborah', 'Carr', '1973-03-17', 'MALE', 5, '2003-11-17');
Insert into researcher (first_name, last_name, birth_date, sex, employee_organisation_id, employee_date)
Values
('Melissa', 'Jordan', '1947-01-08', 'FEMALE', 6, '1977-01-31');
Insert into researcher (first_name, last_name, birth_date, sex, employee_organisation_id, employee_date)
Values
('Manuel', 'Ray', '1964-06-03', 'FEMALE', 7, '1991-06-12');
Insert into researcher (first_name, last_name, birth_date, sex, employee_organisation_id, employee_date)
Values
('Deborah', 'Page', '1943-04-06', 'FEMALE', 8, '1984-04-02');
Insert into researcher (first_name, last_name, birth_date, sex, employee_organisation_id, employee_date)
Values
('Wendy', 'Wells', '1981-02-12', 'FEMALE', 9, '2006-11-08');
Insert into researcher (first_name, last_name, birth_date, sex, employee_organisation_id, employee_date)
Values
('Mary', 'Harper', '1970-07-16', 'FEMALE', 10, '2007-01-21');
Insert into researcher (first_name, last_name, birth_date, sex, employee_organisation_id, employee_date)
Values
('Elizabeth', 'Simpson', '1996-11-19', 'FEMALE', 11, '2019-06-15');
Insert into researcher (first_name, last_name, birth_date, sex, employee_organisation_id, employee_date)
Values
('Gary', 'Cruz', '1982-01-12', 'FEMALE', 12, '2015-06-27');
Insert into researcher (first_name, last_name, birth_date, sex, employee_organisation_id, employee_date)
Values
('Natasha', 'Hayes', '1989-01-08', 'MALE', 13, '2007-10-17');
Insert into researcher (first_name, last_name, birth_date, sex, employee_organisation_id, employee_date)
Values
('Sharon', 'Frazier', '1944-11-12', 'MALE', 14, '1970-11-30');
Insert into researcher (first_name, last_name, birth_date, sex, employee_organisation_id, employee_date)
Values
('Philip', 'Zimmerman', '1951-03-31', 'MALE', 15, '1974-06-30');
Insert into researcher (first_name, last_name, birth_date, sex, employee_organisation_id, employee_date)
Values
('Elizabeth', 'Simmons', '1961-11-04', 'FEMALE', 16, '1987-01-15');
Insert into researcher (first_name, last_name, birth_date, sex, employee_organisation_id, employee_date)
Values
('Teresa', 'Banks', '1939-12-05', 'MALE', 17, '1980-10-11');
Insert into researcher (first_name, last_name, birth_date, sex, employee_organisation_id, employee_date)
Values
('John', 'Hansen', '1934-03-10', 'FEMALE', 18, '2016-10-19');
Insert into researcher (first_name, last_name, birth_date, sex, employee_organisation_id, employee_date)
Values
('Wayne', 'Gonzalez', '1946-04-14', 'FEMALE', 19, '2011-08-14');
Insert into researcher (first_name, last_name, birth_date, sex, employee_organisation_id, employee_date)
Values
('Matthew', 'Rice', '1928-04-06', 'FEMALE', 20, '2017-05-31');
Insert into researcher (first_name, last_name, birth_date, sex, employee_organisation_id, employee_date)
Values
('Nathan', 'Fernandez', '1959-11-16', 'MALE', 21, '1987-05-21');
Insert into researcher (first_name, last_name, birth_date, sex, employee_organisation_id, employee_date)
Values
('Steven', 'Yates', '1960-12-28', 'MALE', 22, '1986-05-06');
Insert into researcher (first_name, last_name, birth_date, sex, employee_organisation_id, employee_date)
Values
('Nicholas', 'Dean', '1956-09-15', 'FEMALE', 23, '2017-04-26');
Insert into researcher (first_name, last_name, birth_date, sex, employee_organisation_id, employee_date)
Values
('William', 'Stark', '1981-01-06', 'MALE', 24, '2016-11-06');
Insert into researcher (first_name, last_name, birth_date, sex, employee_organisation_id, employee_date)
Values
('Daniel', 'Burton', '1949-08-07', 'MALE', 25, '2002-05-11');
Insert into researcher (first_name, last_name, birth_date, sex, employee_organisation_id, employee_date)
Values
('Nicholas', 'Evans', '1956-01-15', 'FEMALE', 26, '1985-10-30');
Insert into researcher (first_name, last_name, birth_date, sex, employee_organisation_id, employee_date)
Values
('Ronald', 'Sanders', '1986-01-21', 'FEMALE', 27, '2008-12-07');
Insert into researcher (first_name, last_name, birth_date, sex, employee_organisation_id, employee_date)
Values
('Anna', 'Kennedy', '1968-02-25', 'FEMALE', 28, '1992-11-23');
Insert into researcher (first_name, last_name, birth_date, sex, employee_organisation_id, employee_date)
Values
('Kathy', 'Hatfield', '1966-02-17', 'FEMALE', 29, '2020-01-03');
Insert into researcher (first_name, last_name, birth_date, sex, employee_organisation_id, employee_date)
Values
('Jacqueline', 'Lyons', '1958-08-06', 'MALE', 30, '2005-03-17');

##########################################################################

Insert into project (title, summary, funding_amount, start_date, end_date, executive_id, programme_id, supervisor_researcher_id, organisation_id)
Values
('Microalga as a sustainable oil crop for biofuels' ,'Structure save prove final paper parent. Race yourself point sound team meeting head very.', 723910 , '1976-04-05', '1977-08-25', 51 , 1 , 1 , 1 );
Insert into project (title, summary, funding_amount, start_date, end_date, executive_id, programme_id, supervisor_researcher_id, organisation_id)
Values
('Hydrogen gas fermentation as the future protein source' ,'Hair use traditional. Through moment night door agency foot.', 768150 , '2006-07-30', '2008-09-18', 14 , 1 , 2 , 2 );
Insert into project (title, summary, funding_amount, start_date, end_date, executive_id, programme_id, supervisor_researcher_id, organisation_id)
Values
('Organic Waste Will Give Wings to Sustainable Aviation' ,'Your purpose consider throw someone same. Smile government wonder while claim senior. Pressure economic evidence marriage middle someone product. Tonight leave nothing turn rich main develop. Spring strong theory pattern significant look.', 657270 , '2022-01-18', NULL, 72 , 2 , 3 , 3 );
Insert into project (title, summary, funding_amount, start_date, end_date, executive_id, programme_id, supervisor_researcher_id, organisation_id)
Values
('Liquid Batteries for Renewable Energy Storage' ,'Medical past image room major hand range. Six game across spring. Arrive present event dinner. Senior carry entire station. Institution response all gun.', 242290 , '1993-01-19', '1996-03-12', 28 , 2 , 4 , 4 );
Insert into project (title, summary, funding_amount, start_date, end_date, executive_id, programme_id, supervisor_researcher_id, organisation_id)
Values
('Aluminium Powered car' ,'Boy attack American truth. Eight spend church contain reality history.', 616310 , '1984-02-10', '1986-03-03', 7 , 3 , 5 , 5 );
Insert into project (title, summary, funding_amount, start_date, end_date, executive_id, programme_id, supervisor_researcher_id, organisation_id)
Values
('Algae Farming for Biofuel Production' ,'Above voice physical. Experience major final necessary. Science top sense television relate list different produce.', 171780 , '1975-05-08', '1977-05-26', 56 , 3 , 6 , 6 );
Insert into project (title, summary, funding_amount, start_date, end_date, executive_id, programme_id, supervisor_researcher_id, organisation_id)
Values
('Modelling the effect of air blast on laminated window glass' ,'Small way million sit main foreign themselves. Else paper information adult newspaper cell.', 695270 , '2020-12-08', NULL, 17 , 4 , 7 , 7 );
Insert into project (title, summary, funding_amount, start_date, end_date, executive_id, programme_id, supervisor_researcher_id, organisation_id)
Values
('Modelling and predicting flotation froth stability' ,'Claim benefit play meet. Yes discussion know.', 219760 , '1976-04-11', '1978-05-08', 89 , 4 , 8 , 8 );
Insert into project (title, summary, funding_amount, start_date, end_date, executive_id, programme_id, supervisor_researcher_id, organisation_id)
Values
('Simulation of brake block induced corrugation on railway wheels' ,'Person song remember either institution. Seek character his civil mention because big. Consider discuss design. Prove law movie here range set decision. International again option thing up ok.', 957200 , '1989-06-24', '1990-10-26', 61 , 5 , 9 , 9 );
Insert into project (title, summary, funding_amount, start_date, end_date, executive_id, programme_id, supervisor_researcher_id, organisation_id)
Values
('Application of a constitutive model for microslip in finite element analysis' ,'Affect whether budget hand real usually. Affect rate big fill subject. Speech art PM. Decade open available expect health very baby.', 844470 , '2019-10-18', NULL, 72 , 5 , 10 , 10 );
Insert into project (title, summary, funding_amount, start_date, end_date, executive_id, programme_id, supervisor_researcher_id, organisation_id)
Values
('Nanofiber-reinforced soft fluidic micro-actuators' ,'Health respond cause general thought effect but. Sure political where realize agency process since rich.', 434830 , '2021-10-15', NULL , 71 , 6 , 11 , 11 );
Insert into project (title, summary, funding_amount, start_date, end_date, executive_id, programme_id, supervisor_researcher_id, organisation_id)
Values
('Optimal design of micro-actuators based on SMA wires' ,'Center heart machine tend rest road industry. Structure father discuss major else into quickly. One stand benefit green. Chair indicate at beat time write possible.', 653690 , '2006-04-19', '2008-07-13', 11 , 6 , 12 , 12 );
Insert into project (title, summary, funding_amount, start_date, end_date, executive_id, programme_id, supervisor_researcher_id, organisation_id)
Values
('Carbon Nanotube Spintronics' ,'Remain those forget common expert. Must wear sense benefit. Eat method college church water doctor themselves. Situation of certain kid ahead organization.', 621370 , '1981-02-27', '1983-06-02', 40 , 7 , 13 , 13 );
Insert into project (title, summary, funding_amount, start_date, end_date, executive_id, programme_id, supervisor_researcher_id, organisation_id)
Values
('Electrical and picosecond optical control of plasmonic nanoantenna hybrid devices' ,'Lot if report. Relate line while former seat probably. Mouth could staff him thing. Fine model trade. Practice staff admit wall role paper town.', 702420 , '1984-09-09', '1987-05-12', 97 , 7 , 14 , 14 );
Insert into project (title, summary, funding_amount, start_date, end_date, executive_id, programme_id, supervisor_researcher_id, organisation_id)
Values
('FPGA Realisation of Backpropagation for stock market prediction' ,'Ever TV oil majority partner. Partner its effect. Community require win set go town mouth. Senior machine push friend. There least would party girl.', 709400 , '1979-04-01', '1981-11-26', 53 , 8 , 15 , 15 );
Insert into project (title, summary, funding_amount, start_date, end_date, executive_id, programme_id, supervisor_researcher_id, organisation_id)
Values
('Cooperative MIMO Communications over Wireless Networks' ,'Approach material yeah put. Action newspaper whom hand. Sure nor daughter put marriage card ready. Baby station fight position somebody. Million turn meet decision other summer.', 178180 , '1999-12-09', '2002-01-08', 25 , 8 , 16 , 16 );
Insert into project (title, summary, funding_amount, start_date, end_date, executive_id, programme_id, supervisor_researcher_id, organisation_id)
Values
('Childhood aggression and the impact of divorce' ,'Final do leader discussion. Article born push skin task. Five back leader coach kind. Leave card responsibility wrong democratic. For between down couple question.', 173930 , '1982-08-03', '1985-09-24', 63 , 9 , 17 , 17 );
Insert into project (title, summary, funding_amount, start_date, end_date, executive_id, programme_id, supervisor_researcher_id, organisation_id)
Values
('Social construction of crime: crime doing as social response' ,'Somebody do speak plan. Speak see exactly result organization ok. Sea seem thank very send without. Mother PM authority final low.', 432150 , '1997-11-06', '1999-08-20', 90 , 9 , 18 , 18 );
Insert into project (title, summary, funding_amount, start_date, end_date, executive_id, programme_id, supervisor_researcher_id, organisation_id)
Values
('Building an Infrastructure for Empirical Research in the Law' ,'Because type fire here whose bit cold. Truth third seven job. Fly stay organization must light too growth. Unit believe central daughter economy.', 916710 , '1989-12-18', '1992-06-19', 15 , 10 , 19 , 19 );
Insert into project (title, summary, funding_amount, start_date, end_date, executive_id, programme_id, supervisor_researcher_id, organisation_id)
Values
('Law & Political economy and the Question of Method' ,'Garden east drive particular. Vote possible particularly television concern as. Single car mission suddenly full should.', 768900 , '2001-01-08', '2003-07-21', 49 , 10 , 20 , 20 );
Insert into project (title, summary, funding_amount, start_date, end_date, executive_id, programme_id, supervisor_researcher_id, organisation_id)
Values
('Bodies of Information: Intersectional Feminism and Digital Humanities' ,'Hot listen people. Name perform bed member professor many. Subject lawyer in modern animal board.', 429740 , '2013-12-12', '2016-08-15', 48 , 11 , 21 , 21 );
Insert into project (title, summary, funding_amount, start_date, end_date, executive_id, programme_id, supervisor_researcher_id, organisation_id)
Values
('Postcolonial Digital Humanities' ,'Trip back figure something across black go. Agent interview work from. Anyone together drop loss next catch maybe.', 949330 , '2012-08-26', '2014-03-13', 5 , 11 , 22 , 22 );
Insert into project (title, summary, funding_amount, start_date, end_date, executive_id, programme_id, supervisor_researcher_id, organisation_id)
Values
('Virtual Geography: Living With Global Media Events' ,'Truth state mission radio then cause man. Music east letter something. Democrat here performance teach tough response medical true.', 197940 , '1976-07-07', '1977-09-20', 78 , 12 , 23 , 23 );
Insert into project (title, summary, funding_amount, start_date, end_date, executive_id, programme_id, supervisor_researcher_id, organisation_id)
Values
('Transnational Audiences: Geocultural Approaches' ,'Phone decision help father. Century candidate finish federal between beyond.', 487110 , '1983-07-04', '1986-09-04', 57 , 12 , 24 , 24 );
Insert into project (title, summary, funding_amount, start_date, end_date, executive_id, programme_id, supervisor_researcher_id, organisation_id)
Values
('Screening Europe' ,'Would director reflect recognize probably air necessary. Defense hot although catch age. Reflect little answer sign statement. Our although cultural board. True several begin rather test picture while.', 500230 , '1990-12-12', '1993-02-25', 46 , 13 , 25 , 25 );
Insert into project (title, summary, funding_amount, start_date, end_date, executive_id, programme_id, supervisor_researcher_id, organisation_id)
Values
('Staging Europe' ,'Notice include indeed result lay process business. Want administration industry end road. Moment under cut sign really skill language lawyer.', 914950 , '1983-02-18', '1985-07-05', 54 , 13 , 26 , 26 );
Insert into project (title, summary, funding_amount, start_date, end_date, executive_id, programme_id, supervisor_researcher_id, organisation_id)
Values
('Understanding how subduction has shaped Circum-Pacific tectonics using 3D numerical models' ,'Effort course live court light of finally color. Phone likely shoulder pressure officer campaign various than. Student federal actually that cup finish five. Society professor state author like.', 542130 , '1995-12-13', '1998-07-29', 84 , 14 , 27 , 27 );
Insert into project (title, summary, funding_amount, start_date, end_date, executive_id, programme_id, supervisor_researcher_id, organisation_id)
Values
('Computational & data science techniques to improve and integrate weather forecasting in business decision-making' ,'Off defense class side return plan language evidence. Many song trouble character. Support task dinner peace type.', 665810 , '2020-11-04', NULL , 45 , 14 , 28 , 28 );
Insert into project (title, summary, funding_amount, start_date, end_date, executive_id, programme_id, supervisor_researcher_id, organisation_id)
Values
('Virtual Reality: A Powerful New Technology for Filming' ,'Model doctor defense artist program catch. Rule station budget lay house which expect drive. Mouth stage bed watch. Approach religious husband. Evening hair guess walk manage audience least.', 194420 , '1995-03-16', '1998-09-19', 1 , 15 , 29 , 29 );
Insert into project (title, summary, funding_amount, start_date, end_date, executive_id, programme_id, supervisor_researcher_id, organisation_id)
Values
('Virtual Reality in Construction' ,'Ahead among power. Focus Mrs past position wall. Political must question carry.', 927360 , '2020-03-22', NULL, 80 , 15 , 30 , 30 );
Insert into project (title, summary, funding_amount, start_date, end_date, executive_id, programme_id, supervisor_researcher_id, organisation_id)
Values
('Molecular and Genome Evolution' ,'Memory environmental another news shake. Paper blood six guy.', 316170 , '2020-07-17', NULL, 68 , 16 , 31 , 31 );
Insert into project (title, summary, funding_amount, start_date, end_date, executive_id, programme_id, supervisor_researcher_id, organisation_id)
Values
('Symbiosis in Parasites' ,'Meeting whose agent future study. Glass window movement. Television baby music. Show investment dream consider party administration service rest.', 622230 , '2015-09-07', '2017-11-08', 65 , 16 , 32 , 32 );
Insert into project (title, summary, funding_amount, start_date, end_date, executive_id, programme_id, supervisor_researcher_id, organisation_id)
Values
('Integrated environmental modeling: a vision and roadmap for the future' ,'After thank why not value. Idea training book others attack. Nearly bill realize bag table.', 536100 , '1996-06-09', '2000-04-19', 38 , 17 , 33 , 33 );
Insert into project (title, summary, funding_amount, start_date, end_date, executive_id, programme_id, supervisor_researcher_id, organisation_id)
Values
('Ocean Tracers: A Diagnostic Tool for Ocean Carbon Cycle Models' ,'Moment you TV. Trip call interview least head wind. Consumer stand watch out start than knowledge.', 380090 , '2012-01-07', '2015-10-15', 15 , 17 , 34 , 34 );
Insert into project (title, summary, funding_amount, start_date, end_date, executive_id, programme_id, supervisor_researcher_id, organisation_id)
Values
('Land-Cover Classification and Ecosystem Modeling' ,'Certainly edge cost character include picture. Like could itself simple good plan. Start perform agreement.', 617160 , '2006-02-20', '2009-08-31', 73 , 18 , 35 , 35 );
Insert into project (title, summary, funding_amount, start_date, end_date, executive_id, programme_id, supervisor_researcher_id, organisation_id)
Values
('Crustal Deformation Monitoring' ,'Notice rather east Republican half suggest left. New movement leave weight senior. Body range early wife process hit. Our person lawyer white whose hospital. Walk represent school tree news close do to.', 635950 , '1992-12-24', '1994-01-30', 89 , 18 , 36 , 36 );
Insert into project (title, summary, funding_amount, start_date, end_date, executive_id, programme_id, supervisor_researcher_id, organisation_id)
Values
('Automated Microseismic Event Detection with Machine Learning' ,'Remain reveal common enough fine trouble federal. Prove property husband American lawyer. Action student follow first. Condition street for ball outside I.', 411150 , '1984-03-31', '1986-12-25', 49 , 19 , 37 , 37 );
Insert into project (title, summary, funding_amount, start_date, end_date, executive_id, programme_id, supervisor_researcher_id, organisation_id)
Values
('Cat control and its ecological consequences for Christmas Island indicator species' ,'Adult air management research anything form long today. Themselves police offer.', 364130 , '1988-06-05', '1991-04-26', 47 , 19 , 38 , 38 );
Insert into project (title, summary, funding_amount, start_date, end_date, executive_id, programme_id, supervisor_researcher_id, organisation_id)
Values
('Hydrological and glaciological balances on Antizana Volcano' ,'Free sit hospital our. Let evidence mean of drop suddenly wonder. Thus much power person. One draw television onto memory.', 156050 , '1987-08-02', '1991-03-10', 15 , 20 , 39 , 39 );
Insert into project (title, summary, funding_amount, start_date, end_date, executive_id, programme_id, supervisor_researcher_id, organisation_id)
Values
('Comparison of geodetic and glaciological mass-balance techniques' ,'Science power quality risk parent consider machine. Social card decide. Ability base single culture continue. Pattern against growth break along half.', 246170 , '1983-05-31', '1984-06-01', 64 , 20 , 40 , 40 );
Insert into project (title, summary, funding_amount, start_date, end_date, executive_id, programme_id, supervisor_researcher_id, organisation_id)
Values
('Geography as a Science of Spatialities' ,'Compare source these law whether as challenge. Mrs treatment to religious factor trouble natural.', 867520 , '2002-08-17', '2004-02-22', 39 , 21 , 1 , 1 );
Insert into project (title, summary, funding_amount, start_date, end_date, executive_id, programme_id, supervisor_researcher_id, organisation_id)
Values
('Space and spatiality: what the built environment needs from social theory' ,'Control final understand tax. Learn artist work table go fill. Sure choice two agreement. Evening health author special.', 602980 , '2002-07-15', '2003-11-12', 31 , 21 , 1 , 1 );
Insert into project (title, summary, funding_amount, start_date, end_date, executive_id, programme_id, supervisor_researcher_id, organisation_id)
Values
('Design optimization of polymer nanocomposites with enhanced mechanical properties' ,'Run cultural network after admit police. Technology send carry scene. Quality lose far as personal which.', 250020 , '2002-07-01', '2004-12-27', 54 , 22 , 1 , 1 );
Insert into project (title, summary, funding_amount, start_date, end_date, executive_id, programme_id, supervisor_researcher_id, organisation_id)
Values
('Analysis of Origami-Inspired Metamaterials using Digital Image Correlation' ,'Good suffer choose feel. Question two can yeah director risk seat.', 204220 , '2002-06-27', '2003-07-07', 46 , 22 , 1 , 1 );
Insert into project (title, summary, funding_amount, start_date, end_date, executive_id, programme_id, supervisor_researcher_id, organisation_id)
Values
('Biomass combustion gas turbine CHP' ,'Decide power also wife investment marriage. General continue what prevent amount range help. She scene plant past red buy.', 562900 , '2002-08-09', '2003-12-27', 18 , 23 , 1 , 1 );
Insert into project (title, summary, funding_amount, start_date, end_date, executive_id, programme_id, supervisor_researcher_id, organisation_id)
Values
('AGT101 automotive gas turbine system development' ,'Cup woman push authority. Can down question pull lay finish. General hour none. Good drive institution analysis cold. Usually store commercial character.', 127090 , '2002-09-12', '2006-02-14', 93 , 23 , 1 , 1 );
Insert into project (title, summary, funding_amount, start_date, end_date, executive_id, programme_id, supervisor_researcher_id, organisation_id)
Values
('Sustainable Process to Concentrate Inorganic Nanoclusters and Polymers' ,'Less book ability benefit allow its. Some herself finish choice environmental. Special now whole water finally.', 413820 , '2002-06-25', '2006-03-22', 97 , 24 , 1 , 1 );
Insert into project (title, summary, funding_amount, start_date, end_date, executive_id, programme_id, supervisor_researcher_id, organisation_id)
Values
('Prediction of Environmental Fate Using Atom-Based Computer Simulation' ,'Short world community south far office. Interesting read much none eight include old. Throughout summer must model. Citizen despite spring same worker.', 738380 , '2002-08-24', '2005-10-06', 72 , 24 , 1 , 1 );
Insert into project (title, summary, funding_amount, start_date, end_date, executive_id, programme_id, supervisor_researcher_id, organisation_id)
Values
('Automated Resource Bound Analysis' ,'Medical throughout class audience sport. Send begin health control. Amount no today national few young risk. To various off station maybe. Necessary painting citizen position where.', 265070 , '2002-08-28', '2004-03-10', 38 , 25 , 1 , 1 );
Insert into project (title, summary, funding_amount, start_date, end_date, executive_id, programme_id, supervisor_researcher_id, organisation_id)
Values
('Verification of Pointer-Manipulating Programs ' ,'Crime food fall whatever position level contain. Debate election season.', 218340 , '2002-09-12', '2003-11-30', 75 , 25 , 1 , 1 );
Insert into project (title, summary, funding_amount, start_date, end_date, executive_id, programme_id, supervisor_researcher_id, organisation_id)
Values
('Basic affine jump diffusion' ,'Answer fly individual difficult him. Care reason father price community smile information. Whose ok again hand. Serve live wait trade partner operation billion.', 642610 , '2002-07-26', '2006-06-09', 90 , 26 , 1 , 1 );
Insert into project (title, summary, funding_amount, start_date, end_date, executive_id, programme_id, supervisor_researcher_id, organisation_id)
Values
('Bernoulli process: discrete-time processes with two possible states' ,'Result suggest show. Air agreement effort adult one upon together. Hit tough play cost.', 528800 , '2002-06-06', '2003-10-03', 88 , 26 , 1 , 1 );
Insert into project (title, summary, funding_amount, start_date, end_date, executive_id, programme_id, supervisor_researcher_id, organisation_id)
Values
('Health Care Management and Technology Adoption' ,'Tough respond myself allow. Bill one another standard door. Person spend color but.', 922260 , '2003-06-06', '2005-06-07', 97 , 27 , 1 , 1 );
Insert into project (title, summary, funding_amount, start_date, end_date, executive_id, programme_id, supervisor_researcher_id, organisation_id)
Values
('Disease-based or Specific Clinical Issues' ,'Form base positive plant now. Writer growth reality decide hit. Be standard north.', 476300 , '2003-07-13', '2007-04-10', 7 , 27 , 1 , 1 );
Insert into project (title, summary, funding_amount, start_date, end_date, executive_id, programme_id, supervisor_researcher_id, organisation_id)
Values
('Determination of Vanillin and its Adulterants in Consumer Ice cream using High Pressure Liquid Chromatography' ,'Yourself amount financial become little. Part great white perhaps. International population between movie position do person car. Ball century ahead heart look mission career. Bit game join easy else.', 521270 , '2003-08-16', '2005-11-11', 29 , 28 , 1 , 1 );
Insert into project (title, summary, funding_amount, start_date, end_date, executive_id, programme_id, supervisor_researcher_id, organisation_id)
Values
('Analysis Of Essential Trace Elements In Selected Medicinal Plants Used In Kenya' ,'Boy family smile. Service deal stuff allow born born none.', 665820 , '2003-08-07', '2004-08-08', 96 , 28 , 1 , 1 );
Insert into project (title, summary, funding_amount, start_date, end_date, executive_id, programme_id, supervisor_researcher_id, organisation_id)
Values
('Control of proliferation in human pancreatic endocrine progenitor cell lines' ,'Sell season common. Stock ball research mind Mr. Box wonder consider others culture. Beat quite air accept bit present worker life. Able to dinner red public drive reason site.', 147790 , '2003-08-26', '2007-04-25', 83 , 29 , 1 , 1 );
Insert into project (title, summary, funding_amount, start_date, end_date, executive_id, programme_id, supervisor_researcher_id, organisation_id)
Values
('The Pathology of encapsulating peritoneal sclerosis in long term dialysis patients' ,'Institution such system year. Other chair food despite yes. Task kind main pretty five.', 752320 , '2003-06-27', '2005-03-14', 42 , 29 , 1 , 1 );
Insert into project (title, summary, funding_amount, start_date, end_date, executive_id, programme_id, supervisor_researcher_id, organisation_id)
Values
('Design and Construction of an Antenna Booster' ,'Learn week we reality dream need. Popular tell argue process month idea budget.', 423800 , '2003-06-16', '2006-05-29', 62 , 30 , 1 , 1 );
Insert into project (title, summary, funding_amount, start_date, end_date, executive_id, programme_id, supervisor_researcher_id, organisation_id)
Values
('Construction and application of Heat Sensor' ,'Senior they step close real. Sell everybody record hope. Old allow rate religious analysis understand. Station tree effect.', 951790 , '2003-07-30', '2005-11-11', 41 , 30 , 1 , 1 );
Insert into project (title, summary, funding_amount, start_date, end_date, executive_id, programme_id, supervisor_researcher_id, organisation_id)
Values
('Long and Short Wavelength Colors' ,'Purpose relate year particular clear individual. About decade entire star voice. Rate thing seek later set. Although impact month.', 523370 , '2003-07-10', '2005-03-09', 44 , 31 , 1 , 1 );
Insert into project (title, summary, funding_amount, start_date, end_date, executive_id, programme_id, supervisor_researcher_id, organisation_id)
Values
('Use and Impact of Recycled Materials for Thermal Insulation' ,'Leave store color community pattern certain nation. Might agree risk area.', 877940 , '2003-07-17', '2006-05-06', 71 , 31 , 1 , 1 );
Insert into project (title, summary, funding_amount, start_date, end_date, executive_id, programme_id, supervisor_researcher_id, organisation_id)
Values
('R-parity violation, collider signals for supersymmetric top, Higgs, neutrinos' ,'Wish organization pick attack economic one. Region approach space defense other course. Add raise huge change. Order indicate focus.', 273600 , '2003-07-28', '2007-03-29', 39 , 32 , 1 , 1 );
Insert into project (title, summary, funding_amount, start_date, end_date, executive_id, programme_id, supervisor_researcher_id, organisation_id)
Values
('Probing contact interactions at high-energy lepton colliders' ,'Garden return quickly let size. Nearly pass ability over open beyond. Inside learn nor individual top above.', 767770 , '2003-07-22', '2004-12-30', 39 , 32 , 1 , 1 );

####################################################################################################################

Insert into deliverable (title, summary, date, project_id)
Values
('benefit' ,'Structure save prove final paper parent.', '1960-02-09', 7);
Insert into deliverable (title, summary, date, project_id)
Values
('lawyer' ,'We name know environmental along agree let. Traditional interest this clearly concern discover.', '1973-12-19', 19);
Insert into deliverable (title, summary, date, project_id)
Values
('garden' ,'Member growth message nice.', '1976-06-17', 30);
Insert into deliverable (title, summary, date, project_id)
Values
('style' ,'Trade several smile government wonder while claim. Resource left morning majority understand may.', '2013-01-22', 9);
Insert into deliverable (title, summary, date, project_id)
Values
('recently' ,'Go rise newspaper lead probably wait spring. Theory pattern significant look.', '2000-07-30', 6);
Insert into deliverable (title, summary, date, project_id)
Values
('successful' ,'Military prepare onto find debate mention various. Think six game across spring young blood off.', '1993-09-08', 31);
Insert into deliverable (title, summary, date, project_id)
Values
('explain' ,'Radio trouble senior carry entire. Want art today service arm.', '1959-01-25', 31);
Insert into deliverable (title, summary, date, project_id)
Values
('consider' ,'Bar west agent.', '2001-06-08', 40);
Insert into deliverable (title, summary, date, project_id)
Values
('hour' ,'Spend church contain reality.', '1955-04-16', 4);
Insert into deliverable (title, summary, date, project_id)
Values
('perform' ,'Charge already general past score.', '2004-11-19', 41);
Insert into deliverable (title, summary, date, project_id)
Values
('feeling' ,'Air large she science top sense television. List different produce first.', '1967-10-21', 35);
Insert into deliverable (title, summary, date, project_id)
Values
('agent' ,'Million sit main foreign. Else paper information adult newspaper cell.', '1966-04-19', 7);
Insert into deliverable (title, summary, date, project_id)
Values
('environment' ,'Claim benefit play meet.', '1960-02-20', 28);
Insert into deliverable (title, summary, date, project_id)
Values
('employee' ,'Available ball direction social perhaps growth.', '1956-09-06', 23);
Insert into deliverable (title, summary, date, project_id)
Values
('family' ,'Character his civil. Rich drive between consider discuss design minute.', '2009-12-25', 23);
Insert into deliverable (title, summary, date, project_id)
Values
('long' ,'Politics defense trade white rock its memory.', '2015-08-13', 29);
Insert into deliverable (title, summary, date, project_id)
Values
('upon' ,'Ok turn professional look affect whether budget. Face work head affect rate big.', '1959-05-20', 6);
Insert into deliverable (title, summary, date, project_id)
Values
('decide' ,'Art PM leg threat party accept agency.', '1994-01-17', 9);
Insert into deliverable (title, summary, date, project_id)
Values
('worry' ,'Sense court number hot leg.', '1994-01-12', 13);
Insert into deliverable (title, summary, date, project_id)
Values
('indicate' ,'Business ball sure political where.', '1999-05-11', 6);
Insert into deliverable (title, summary, date, project_id)
Values
('ago' ,'Since rich marriage group lead sometimes especially. Tend rest road industry man quite house.', '1966-10-03', 32);
Insert into deliverable (title, summary, date, project_id)
Values
('middle' ,'Nature receive recognize base road. Benefit green young chair indicate at beat.', '1973-09-11', 19);
Insert into deliverable (title, summary, date, project_id)
Values
('career' ,'Discuss provide race keep model born.', '1957-07-10', 39);
Insert into deliverable (title, summary, date, project_id)
Values
('big' ,'Eat method college church water doctor themselves. Situation of certain kid ahead organization.', '2010-01-28', 37);
Insert into deliverable (title, summary, date, project_id)
Values
('increase' ,'Lot if report. Relate line while former seat probably.', '1976-12-18', 14);
Insert into deliverable (title, summary, date, project_id)
Values
('no' ,'Idea project with play activity. Model trade letter concern behind idea describe.', '1983-01-12', 3);
Insert into deliverable (title, summary, date, project_id)
Values
('western' ,'Hope newspaper soon ever.', '2004-11-30', 17);
Insert into deliverable (title, summary, date, project_id)
Values
('might' ,'Across quickly lot message. Level day whom authority.', '1978-06-22', 39);
Insert into deliverable (title, summary, date, project_id)
Values
('western' ,'Student probably senior machine push friend environment. Least would party girl service voice young.', '1952-10-27', 29);
Insert into deliverable (title, summary, date, project_id)
Values
('Republican' ,'Approach material yeah put. Action newspaper whom hand.', '1987-02-26', 33);
Insert into deliverable (title, summary, date, project_id)
Values
('organization' ,'That final power low Mrs. Baby station fight position somebody.', '2004-06-11', 28);
Insert into deliverable (title, summary, date, project_id)
Values
('national' ,'Plan hospital most surface something pick final.', '2005-11-22', 38);
Insert into deliverable (title, summary, date, project_id)
Values
('lot' ,'Mission article born push skin. Degree green friend guy marriage thank.', '1984-02-10', 33);
Insert into deliverable (title, summary, date, project_id)
Values
('want' ,'Wrong democratic event city thought light.', '2015-02-28', 7);
Insert into deliverable (title, summary, date, project_id)
Values
('crime' ,'Somebody do speak plan. Speak see exactly result organization ok.', '2003-04-14', 21);
Insert into deliverable (title, summary, date, project_id)
Values
('situation' ,'Send without factor performance provide happen house company. Key because type fire here whose.', '1996-01-11', 41);
Insert into deliverable (title, summary, date, project_id)
Values
('have' ,'Baby there run prepare across fly.', '1966-08-08', 42);
Insert into deliverable (title, summary, date, project_id)
Values
('number' ,'Point character first unit believe central daughter.', '2005-06-23', 36);
Insert into deliverable (title, summary, date, project_id)
Values
('chance' ,'Economic garden east drive particular from. Possible particularly television concern as kitchen.', '1986-07-27', 9);
Insert into deliverable (title, summary, date, project_id)
Values
('cause' ,'Officer bring possible report whatever direction approach. Majority the name perform bed member professor.', '1989-06-01', 11);
Insert into deliverable (title, summary, date, project_id)
Values
('institution' ,'In modern animal board. Campaign visit quite trip back figure something across.', '2019-11-16', 31);
Insert into deliverable (title, summary, date, project_id)
Values
('relate' ,'Community chair prove begin will. Anyone together drop loss next catch maybe.', '1966-10-31', 7);
Insert into deliverable (title, summary, date, project_id)
Values
('anything' ,'Truth state mission radio then cause man.', '1960-08-13', 20);
Insert into deliverable (title, summary, date, project_id)
Values
('now' ,'Board deep apply Democrat here.', '1970-05-06', 32);
Insert into deliverable (title, summary, date, project_id)
Values
('well' ,'Sit push memory street character whatever community. Father issue into huge something.', '2006-01-04', 37);
Insert into deliverable (title, summary, date, project_id)
Values
('or' ,'Evening month major evidence inside case natural.', '1965-12-04', 22);
Insert into deliverable (title, summary, date, project_id)
Values
('allow' ,'Seem defense hot although catch age energy. Music say technology different certain fine ready.', '1966-07-24', 36);
Insert into deliverable (title, summary, date, project_id)
Values
('challenge' ,'Several begin rather test. Factor decade station red everyone total notice include.', '1967-02-26', 26);
Insert into deliverable (title, summary, date, project_id)
Values
('region' ,'Father television player safe want administration industry.', '2008-12-14', 15);
Insert into deliverable (title, summary, date, project_id)
Values
('note' ,'Moment under cut sign really skill language lawyer. Him partner past oil knowledge sense.', '1987-12-31', 25);
Insert into deliverable (title, summary, date, project_id)
Values
('for' ,'Hard phone likely shoulder.', '1998-05-18', 28);
Insert into deliverable (title, summary, date, project_id)
Values
('rest' ,'Movement statement better smile ahead.', '1969-11-04', 28);
Insert into deliverable (title, summary, date, project_id)
Values
('article' ,'Eight right garden key information street adult. Off defense class side return plan language evidence.', '1995-01-08', 18);
Insert into deliverable (title, summary, date, project_id)
Values
('mission' ,'Character federal who unit data. Option reduce model doctor defense artist.', '1963-08-10', 23);
Insert into deliverable (title, summary, date, project_id)
Values
('certainly' ,'Station budget lay house which expect. Difference mouth stage bed watch.', '1986-05-10', 1);
Insert into deliverable (title, summary, date, project_id)
Values
('arm' ,'Husband method big member mind site. Audience least reflect evidence ahead among power deal.', '1952-11-24', 41);
Insert into deliverable (title, summary, date, project_id)
Values
('note' ,'Certain far seven political must question carry religious.', '1985-03-30', 20);
Insert into deliverable (title, summary, date, project_id)
Values
('force' ,'List war great future two. Growth participant give some wait every long executive.', '1957-01-08', 37);
Insert into deliverable (title, summary, date, project_id)
Values
('agree' ,'Its plan glass window movement anything.', '1972-10-18', 24);
Insert into deliverable (title, summary, date, project_id)
Values
('road' ,'Participant itself information so class and or. Pull far toward American east small.', '1962-11-08', 15);
Insert into deliverable (title, summary, date, project_id)
Values
('interesting' ,'Book others attack do couple according.', '1982-04-18', 3);
Insert into deliverable (title, summary, date, project_id)
Values
('base' ,'Old determine moment you TV. Trip call interview least head wind.', '2007-07-28', 13);
Insert into deliverable (title, summary, date, project_id)
Values
('name' ,'Out start than knowledge many yard. Certainly edge cost character include picture.', '1977-04-11', 7);
Insert into deliverable (title, summary, date, project_id)
Values
('many' ,'Institution especially detail seek weight. Perform agreement few style win natural.', '2012-08-13', 38);
Insert into deliverable (title, summary, date, project_id)
Values
('rich' ,'Letter lead miss peace traditional.', '1988-01-10', 33);
Insert into deliverable (title, summary, date, project_id)
Values
('only' ,'Leave weight senior information. Range early wife process hit item left.', '1985-12-03', 9);
Insert into deliverable (title, summary, date, project_id)
Values
('believe' ,'Pattern she receive guy sometimes give chair. Impact material write space.', '2014-04-14', 9);
Insert into deliverable (title, summary, date, project_id)
Values
('everything' ,'Trouble federal research wide enough finish activity. American lawyer box walk gun painting run condition.', '2007-10-21', 20);
Insert into deliverable (title, summary, date, project_id)
Values
('stay' ,'Outside I try know behind adult air.', '1996-09-24', 33);
Insert into deliverable (title, summary, date, project_id)
Values
('challenge' ,'Form long today.', '2019-07-28', 21);
Insert into deliverable (title, summary, date, project_id)
Values
('type' ,'Data scientist foreign free sit hospital our. Let evidence mean of drop suddenly wonder.', '1953-02-01', 5);
Insert into deliverable (title, summary, date, project_id)
Values
('want' ,'Specific return different one draw television onto.', '1977-01-26', 8);
Insert into deliverable (title, summary, date, project_id)
Values
('travel' ,'If list gun.', '2021-12-06', 2);
Insert into deliverable (title, summary, date, project_id)
Values
('research' ,'Understand such past social card decide region ability.', '1976-11-21', 6);
Insert into deliverable (title, summary, date, project_id)
Values
('loss' ,'Event pattern against growth.', '1963-10-31', 24);
Insert into deliverable (title, summary, date, project_id)
Values
('focus' ,'Half herself away leg central they show.', '1968-03-04', 34);
Insert into deliverable (title, summary, date, project_id)
Values
('example' ,'Mrs treatment to religious factor trouble natural.', '1960-12-19', 32);
Insert into deliverable (title, summary, date, project_id)
Values
('bank' ,'Control final understand tax. Learn artist work table go fill.', '1980-10-09', 34);
Insert into deliverable (title, summary, date, project_id)
Values
('to' ,'Sport develop follow evening.', '1967-02-14', 14);
Insert into deliverable (title, summary, date, project_id)
Values
('stage' ,'Special system whatever response career capital interest.', '2003-03-06', 41);
Insert into deliverable (title, summary, date, project_id)
Values
('force' ,'Sell future change. Technology send carry scene.', '1979-02-01', 20);
Insert into deliverable (title, summary, date, project_id)
Values
('research' ,'Production father three character school according bed. Good suffer choose feel.', '2009-03-10', 21);
Insert into deliverable (title, summary, date, project_id)
Values
('behind' ,'Risk seat source writer themselves project decide.', '1969-12-23', 27);
Insert into deliverable (title, summary, date, project_id)
Values
('these' ,'Understand president general continue what prevent. By weight certain.', '1957-07-04', 14);
Insert into deliverable (title, summary, date, project_id)
Values
('property' ,'Music toward beat street result concern product perform.', '1982-10-12', 40);
Insert into deliverable (title, summary, date, project_id)
Values
('note' ,'Me down lay image. Finish answer blood adult.', '1962-04-02', 6);
Insert into deliverable (title, summary, date, project_id)
Values
('skin' ,'Never full dinner cause where usually.', '1968-05-05', 4);
Insert into deliverable (title, summary, date, project_id)
Values
('including' ,'Population shake less book.', '1975-10-04', 20);
Insert into deliverable (title, summary, date, project_id)
Values
('risk' ,'Couple ability some.', '1952-08-11', 4);
Insert into deliverable (title, summary, date, project_id)
Values
('tell' ,'Company table special now. Water finally none marriage ten hit far.', '2004-02-25', 22);
Insert into deliverable (title, summary, date, project_id)
Values
('consumer' ,'So leave interesting read much. Account until though least bed study maybe.', '2005-12-20', 41);
Insert into deliverable (title, summary, date, project_id)
Values
('need' ,'Whole have blood develop.', '2016-05-31', 34);
Insert into deliverable (title, summary, date, project_id)
Values
('lead' ,'Threat medical throughout class audience sport center.', '1981-02-18', 11);
Insert into deliverable (title, summary, date, project_id)
Values
('since' ,'Detail skin amount no. National few young risk social to.', '1964-12-27', 42);
Insert into deliverable (title, summary, date, project_id)
Values
('painting' ,'Time necessary painting citizen position where mention.', '1979-09-13', 22);
Insert into deliverable (title, summary, date, project_id)
Values
('arrive' ,'Never voice run town another. Contain answer happen wind know push.', '1959-05-14', 13);
Insert into deliverable (title, summary, date, project_id)
Values
('anyone' ,'Individual difficult him. Care reason father price community smile information.', '1986-06-16', 19);
Insert into deliverable (title, summary, date, project_id)
Values
('night' ,'Again hand wish present. Live wait trade partner operation billion account.', '1961-06-09', 34);
Insert into deliverable (title, summary, date, project_id)
Values
('agency' ,'Air agreement effort adult one upon together. Hit tough play cost.', '1980-05-14', 24);
Insert into deliverable (title, summary, date, project_id)
Values
('economic' ,'Tough respond myself allow.', '1953-08-16', 18);
Insert into deliverable (title, summary, date, project_id)
Values
('blue' ,'Drug democratic property quite compare top a western.', '1990-01-21', 34);
Insert into deliverable (title, summary, date, project_id)
Values
('quite' ,'Form base positive plant now.', '1979-08-22', 35);
Insert into deliverable (title, summary, date, project_id)
Values
('born' ,'Reality decide hit able director yes fill. Factor simple which yourself amount financial.', '1986-05-03', 10);
Insert into deliverable (title, summary, date, project_id)
Values
('may' ,'Part great white perhaps. International population between movie position do person car.', '1964-08-05', 14);
Insert into deliverable (title, summary, date, project_id)
Values
('beat' ,'Look charge couple heart. Item customer full final.', '2015-03-21', 20);
Insert into deliverable (title, summary, date, project_id)
Values
('end' ,'Likely for ability trial animal. Debate argue kind maybe.', '1971-02-21', 9);
Insert into deliverable (title, summary, date, project_id)
Values
('design' ,'Allow born born none.', '1982-09-18', 21);
Insert into deliverable (title, summary, date, project_id)
Values
('produce' ,'Sell season common. Stock ball research mind Mr.', '2010-02-14', 25);
Insert into deliverable (title, summary, date, project_id)
Values
('build' ,'Few save beat quite air accept bit present.', '1988-11-10', 4);
Insert into deliverable (title, summary, date, project_id)
Values
('manage' ,'Able to dinner red public drive reason site.', '2015-01-12', 1);
Insert into deliverable (title, summary, date, project_id)
Values
('concern' ,'Institution such system year.', '1968-03-20', 26);
Insert into deliverable (title, summary, date, project_id)
Values
('pick' ,'Their heavy only different. Kind main pretty five spend learn involve.', '1989-07-29', 42);
Insert into deliverable (title, summary, date, project_id)
Values
('table' ,'Network seem thought sit specific whose. Budget explain seek this would.', '1984-12-10', 9);
Insert into deliverable (title, summary, date, project_id)
Values
('up' ,'Sell everybody record hope.', '1974-11-05', 35);
Insert into deliverable (title, summary, date, project_id)
Values
('pass' ,'Religious analysis understand also.', '2011-04-16', 5);
Insert into deliverable (title, summary, date, project_id)
Values
('nothing' ,'Marriage give base item.', '1987-01-01', 9);
Insert into deliverable (title, summary, date, project_id)
Values
('board' ,'Each piece side around different. Rate thing seek later set.', '1974-09-02', 24);
Insert into deliverable (title, summary, date, project_id)
Values
('American' ,'Suddenly perhaps war describe interesting lawyer.', '1954-08-13', 2);
Insert into deliverable (title, summary, date, project_id)
Values
('open' ,'Pattern certain nation buy cost.', '1975-08-23', 36);
Insert into deliverable (title, summary, date, project_id)
Values
('she' ,'Season event southern food outside officer can notice.', '1997-11-26', 32);
Insert into deliverable (title, summary, date, project_id)
Values
('pay' ,'Approach space defense other course article. Huge change answer power attention clearly middle.', '1971-07-21', 36);
Insert into deliverable (title, summary, date, project_id)
Values
('everybody' ,'Marriage treatment everyone rock deep nearly.', '1966-09-04', 33);
Insert into deliverable (title, summary, date, project_id)
Values
('so' ,'Turn impact international partner the exactly serve whatever. Agreement year participant glass democratic.', '1952-08-02', 25);
Insert into deliverable (title, summary, date, project_id)
Values
('very' ,'Family training anyone gas rich Congress. Eight majority nearly significant.', '1964-12-16', 4);
Insert into deliverable (title, summary, date, project_id)
Values
('financial' ,'Million onto new it hit house. Change fly low their oil seat I.', '1988-04-30', 41);
Insert into deliverable (title, summary, date, project_id)
Values
('why' ,'Natural story growth. Thought cut stock across strategy energy.', '1988-10-19', 35);
Insert into deliverable (title, summary, date, project_id)
Values
('film' ,'Sing however easy professor speak environmental.', '1955-12-24', 36);
Insert into deliverable (title, summary, date, project_id)
Values
('including' ,'Enter term according.', '2003-07-08', 32);
Insert into deliverable (title, summary, date, project_id)
Values
('decide' ,'Six now serious receive thousand only.', '1955-05-26', 12);
Insert into deliverable (title, summary, date, project_id)
Values
('appear' ,'In brother financial ever work.', '1955-05-20', 18);

############################################################################################################################

Insert into evaluates (project_id, researcher_id, grade, date)
Values
( 1  , 4 ,  9 , '1976-04-05');
Insert into evaluates (project_id, researcher_id, grade, date)
Values
( 2  , 5 ,  3 , '1978-03-10');
Insert into evaluates (project_id, researcher_id, grade, date)
Values
( 3  , 6 ,  10 , '1983-12-02');
Insert into evaluates (project_id, researcher_id, grade, date)
Values
( 4  , 7 ,  6 , '1993-05-19');
Insert into evaluates (project_id, researcher_id, grade, date)
Values
( 5  , 8 ,  0 , '2013-08-24');
Insert into evaluates (project_id, researcher_id, grade, date)
Values
( 6  , 9 ,  2 , '2013-09-15');
Insert into evaluates (project_id, researcher_id, grade, date)
Values
( 7  , 10 ,  2 , '2011-12-18');
Insert into evaluates (project_id, researcher_id, grade, date)
Values
( 8  , 11 ,  6 , '1983-03-11');
Insert into evaluates (project_id, researcher_id, grade, date)
Values
( 9  , 12 ,  6 , '2015-11-11');
Insert into evaluates (project_id, researcher_id, grade, date)
Values
( 10  , 13 ,  5 , '2021-08-12');
Insert into evaluates (project_id, researcher_id, grade, date)
Values
( 11  , 14 ,  6 , '1997-09-24');
Insert into evaluates (project_id, researcher_id, grade, date)
Values
( 12  , 15 ,  6 , '2002-09-07');
Insert into evaluates (project_id, researcher_id, grade, date)
Values
( 13  , 16 ,  1 , '1990-09-01');
Insert into evaluates (project_id, researcher_id, grade, date)
Values
( 14  , 17 ,  0 , '1974-04-13');
Insert into evaluates (project_id, researcher_id, grade, date)
Values
( 15  , 18 ,  5 , '2004-01-18');
Insert into evaluates (project_id, researcher_id, grade, date)
Values
( 16  , 19 ,  3 , '1998-04-10');
Insert into evaluates (project_id, researcher_id, grade, date)
Values
( 17  , 20 ,  8 , '2008-03-10');
Insert into evaluates (project_id, researcher_id, grade, date)
Values
( 18  , 21 ,  8 , '2010-07-22');
Insert into evaluates (project_id, researcher_id, grade, date)
Values
( 19  , 22 ,  4 , '1988-06-24');
Insert into evaluates (project_id, researcher_id, grade, date)
Values
( 20  , 23 ,  3 , '1974-01-13');
Insert into evaluates (project_id, researcher_id, grade, date)
Values
( 21  , 24 ,  9 , '1994-07-16');
Insert into evaluates (project_id, researcher_id, grade, date)
Values
( 22  , 25 ,  4 , '1981-09-18');
Insert into evaluates (project_id, researcher_id, grade, date)
Values
( 23  , 26 ,  2 , '2007-02-18');
Insert into evaluates (project_id, researcher_id, grade, date)
Values
( 24  , 27 ,  7 , '2007-05-17');
Insert into evaluates (project_id, researcher_id, grade, date)
Values
( 25  , 28 ,  4 , '2010-07-07');
Insert into evaluates (project_id, researcher_id, grade, date)
Values
( 26  , 29 ,  2 , '2002-09-27');
Insert into evaluates (project_id, researcher_id, grade, date)
Values
( 27  , 30 ,  5 , '2022-05-22');
Insert into evaluates (project_id, researcher_id, grade, date)
Values
( 28  , 31 ,  3 , '1997-03-14');
Insert into evaluates (project_id, researcher_id, grade, date)
Values
( 29  , 32 ,  2 , '1996-06-27');
Insert into evaluates (project_id, researcher_id, grade, date)
Values
( 30  , 33 ,  5 , '2002-09-30');
Insert into evaluates (project_id, researcher_id, grade, date)
Values
( 31  , 34 ,  5 , '1999-08-16');
Insert into evaluates (project_id, researcher_id, grade, date)
Values
( 32  , 3 ,  0 , '2016-12-23');
Insert into evaluates (project_id, researcher_id, grade, date)
Values
( 33  , 4 ,  8 , '1989-06-02');
Insert into evaluates (project_id, researcher_id, grade, date)
Values
( 34  , 5 ,  0 , '1991-05-29');
Insert into evaluates (project_id, researcher_id, grade, date)
Values
( 35  , 6 ,  1 , '2006-06-30');
Insert into evaluates (project_id, researcher_id, grade, date)
Values
( 36  , 7 ,  9 , '1996-06-30');
Insert into evaluates (project_id, researcher_id, grade, date)
Values
( 37  , 8 ,  1 , '2003-05-10');
Insert into evaluates (project_id, researcher_id, grade, date)
Values
( 38  , 9 ,  4 , '1996-04-13');
Insert into evaluates (project_id, researcher_id, grade, date)
Values
( 39  , 10 ,  6 , '2021-10-22');
Insert into evaluates (project_id, researcher_id, grade, date)
Values
( 40  , 11 ,  9 , '2021-08-31');
Insert into evaluates (project_id, researcher_id, grade, date)
Values
( 41  , 12 ,  7 , '2005-07-11');
Insert into evaluates (project_id, researcher_id, grade, date)
Values
( 42  , 13 ,  7 , '1987-07-05');
Insert into evaluates (project_id, researcher_id, grade, date)
Values
( 43  , 14 ,  4 , '2020-01-07');
Insert into evaluates (project_id, researcher_id, grade, date)
Values
( 44  , 15 ,  7 , '2014-05-10');
Insert into evaluates (project_id, researcher_id, grade, date)
Values
( 45  , 16 ,  7 , '2005-01-22');
Insert into evaluates (project_id, researcher_id, grade, date)
Values
( 46  , 17 ,  1 , '1993-01-19');
Insert into evaluates (project_id, researcher_id, grade, date)
Values
( 47  , 18 ,  1 , '2010-09-02');
Insert into evaluates (project_id, researcher_id, grade, date)
Values
( 48  , 19 ,  1 , '2006-12-09');
Insert into evaluates (project_id, researcher_id, grade, date)
Values
( 49  , 20 ,  2 , '2014-04-26');
Insert into evaluates (project_id, researcher_id, grade, date)
Values
( 50  , 21 ,  4 , '2000-02-01');
Insert into evaluates (project_id, researcher_id, grade, date)
Values
( 51  , 22 ,  2 , '2022-02-25');
Insert into evaluates (project_id, researcher_id, grade, date)
Values
( 52  , 23 ,  3 , '2005-09-06');
Insert into evaluates (project_id, researcher_id, grade, date)
Values
( 53  , 24 ,  8 , '1997-05-11');
Insert into evaluates (project_id, researcher_id, grade, date)
Values
( 54  , 25 ,  1 , '2014-10-29');
Insert into evaluates (project_id, researcher_id, grade, date)
Values
( 55  , 26 ,  8 , '1995-08-26');
Insert into evaluates (project_id, researcher_id, grade, date)
Values
( 56  , 27 ,  6 , '1985-06-09');
Insert into evaluates (project_id, researcher_id, grade, date)
Values
( 57  , 28 ,  4 , '1976-05-30');
Insert into evaluates (project_id, researcher_id, grade, date)
Values
( 58  , 29 ,  6 , '2016-11-04');
Insert into evaluates (project_id, researcher_id, grade, date)
Values
( 59  , 30 ,  1 , '1990-12-30');
Insert into evaluates (project_id, researcher_id, grade, date)
Values
( 60  , 31 ,  4 , '1987-11-01');
Insert into evaluates (project_id, researcher_id, grade, date)
Values
( 61  , 32 ,  1 , '1979-08-24');
Insert into evaluates (project_id, researcher_id, grade, date)
Values
( 62  , 33 ,  10 , '1981-09-13');
Insert into evaluates (project_id, researcher_id, grade, date)
Values
( 63  , 34 ,  8 , '1989-01-27');
Insert into evaluates (project_id, researcher_id, grade, date)
Values
( 64  , 3 ,  5 , '1976-07-09');

###########################################################################################################################

Insert into works_on (project_id, researcher_id)
Values
( 1  , 41 );
Insert into works_on (project_id, researcher_id)
Values
( 2  , 42 );
Insert into works_on (project_id, researcher_id)
Values
( 3  , 43 );
Insert into works_on (project_id, researcher_id)
Values
( 4  , 44 );
Insert into works_on (project_id, researcher_id)
Values
( 5  , 45 );
Insert into works_on (project_id, researcher_id)
Values
( 6  , 46 );
Insert into works_on (project_id, researcher_id)
Values
( 7  , 47 );
Insert into works_on (project_id, researcher_id)
Values
( 8  , 48 );
Insert into works_on (project_id, researcher_id)
Values
( 9  , 49 );
Insert into works_on (project_id, researcher_id)
Values
( 10  , 50 );
Insert into works_on (project_id, researcher_id)
Values
( 11  , 51 );
Insert into works_on (project_id, researcher_id)
Values
( 12  , 52 );
Insert into works_on (project_id, researcher_id)
Values
( 13  , 53 );
Insert into works_on (project_id, researcher_id)
Values
( 14  , 54 );
Insert into works_on (project_id, researcher_id)
Values
( 15  , 55 );
Insert into works_on (project_id, researcher_id)
Values
( 16  , 56 );
Insert into works_on (project_id, researcher_id)
Values
( 17  , 57 );
Insert into works_on (project_id, researcher_id)
Values
( 18  , 58 );
Insert into works_on (project_id, researcher_id)
Values
( 19  , 59 );
Insert into works_on (project_id, researcher_id)
Values
( 20  , 60 );
Insert into works_on (project_id, researcher_id)
Values
( 21  , 61 );
Insert into works_on (project_id, researcher_id)
Values
( 22  , 62 );
Insert into works_on (project_id, researcher_id)
Values
( 23  , 63 );
Insert into works_on (project_id, researcher_id)
Values
( 24  , 64 );
Insert into works_on (project_id, researcher_id)
Values
( 25  , 65 );
Insert into works_on (project_id, researcher_id)
Values
( 26  , 66 );
Insert into works_on (project_id, researcher_id)
Values
( 27  , 67 );
Insert into works_on (project_id, researcher_id)
Values
( 28  , 68 );
Insert into works_on (project_id, researcher_id)
Values
( 29  , 69 );
Insert into works_on (project_id, researcher_id)
Values
( 30  , 70 );
Insert into works_on (project_id, researcher_id)
Values
( 31  , 71 );
Insert into works_on (project_id, researcher_id)
Values
( 32  , 72 );
Insert into works_on (project_id, researcher_id)
Values
( 33  , 73 );
Insert into works_on (project_id, researcher_id)
Values
( 34  , 74 );
Insert into works_on (project_id, researcher_id)
Values
( 35  , 75 );
Insert into works_on (project_id, researcher_id)
Values
( 36  , 76 );
Insert into works_on (project_id, researcher_id)
Values
( 37  , 77 );
Insert into works_on (project_id, researcher_id)
Values
( 38  , 78 );
Insert into works_on (project_id, researcher_id)
Values
( 39  , 79 );
Insert into works_on (project_id, researcher_id)
Values
( 40  , 80 );
Insert into works_on (project_id, researcher_id)
Values
( 1  , 81 );
Insert into works_on (project_id, researcher_id)
Values
( 2  , 82 );
Insert into works_on (project_id, researcher_id)
Values
( 3  , 83 );
Insert into works_on (project_id, researcher_id)
Values
( 4  , 84 );
Insert into works_on (project_id, researcher_id)
Values
( 5  , 85 );
Insert into works_on (project_id, researcher_id)
Values
( 6  , 86 );
Insert into works_on (project_id, researcher_id)
Values
( 7  , 87 );
Insert into works_on (project_id, researcher_id)
Values
( 8  , 88 );
Insert into works_on (project_id, researcher_id)
Values
( 9  , 89 );
Insert into works_on (project_id, researcher_id)
Values
( 10  , 90 );
Insert into works_on (project_id, researcher_id)
Values
( 11  , 91 );
Insert into works_on (project_id, researcher_id)
Values
( 12  , 92 );
Insert into works_on (project_id, researcher_id)
Values
( 13  , 93 );
Insert into works_on (project_id, researcher_id)
Values
( 14  , 94 );
Insert into works_on (project_id, researcher_id)
Values
( 15  , 95 );
Insert into works_on (project_id, researcher_id)
Values
( 16  , 96 );
Insert into works_on (project_id, researcher_id)
Values
( 17  , 97 );
Insert into works_on (project_id, researcher_id)
Values
( 18  , 98 );
Insert into works_on (project_id, researcher_id)
Values
( 19  , 99 );
Insert into works_on (project_id, researcher_id)
Values
( 20  , 100 );
Insert into works_on (project_id, researcher_id)
Values
( 21  , 101 );
Insert into works_on (project_id, researcher_id)
Values
( 22  , 102 );
Insert into works_on (project_id, researcher_id)
Values
( 23  , 103 );
Insert into works_on (project_id, researcher_id)
Values
( 24  , 104 );
Insert into works_on (project_id, researcher_id)
Values
( 25  , 105 );
Insert into works_on (project_id, researcher_id)
Values
( 26  , 106 );
Insert into works_on (project_id, researcher_id)
Values
( 27  , 107 );
Insert into works_on (project_id, researcher_id)
Values
( 28  , 108 );
Insert into works_on (project_id, researcher_id)
Values
( 29  , 109 );
Insert into works_on (project_id, researcher_id)
Values
( 30  , 110 );
Insert into works_on (project_id, researcher_id)
Values
( 31  , 111 );
Insert into works_on (project_id, researcher_id)
Values
( 32  , 112 );
Insert into works_on (project_id, researcher_id)
Values
( 33  , 113 );
Insert into works_on (project_id, researcher_id)
Values
( 34  , 114 );
Insert into works_on (project_id, researcher_id)
Values
( 35  , 115 );
Insert into works_on (project_id, researcher_id)
Values
( 36  , 116 );
Insert into works_on (project_id, researcher_id)
Values
( 37  , 117 );
Insert into works_on (project_id, researcher_id)
Values
( 38  , 118 );
Insert into works_on (project_id, researcher_id)
Values
( 39  , 119 );
Insert into works_on (project_id, researcher_id)
Values
( 40  , 120 );
Insert into works_on (project_id, researcher_id)
Values
( 1  , 121 );
Insert into works_on (project_id, researcher_id)
Values
( 2  , 122 );
Insert into works_on (project_id, researcher_id)
Values
( 3  , 123 );
Insert into works_on (project_id, researcher_id)
Values
( 4  , 124 );
Insert into works_on (project_id, researcher_id)
Values
( 5  , 125 );
Insert into works_on (project_id, researcher_id)
Values
( 6  , 126 );
Insert into works_on (project_id, researcher_id)
Values
( 7  , 127 );
Insert into works_on (project_id, researcher_id)
Values
( 8  , 128 );
Insert into works_on (project_id, researcher_id)
Values
( 9  , 129 );
Insert into works_on (project_id, researcher_id)
Values
( 10  , 130 );
Insert into works_on (project_id, researcher_id)
Values
( 11  , 131 );
Insert into works_on (project_id, researcher_id)
Values
( 12  , 132 );
Insert into works_on (project_id, researcher_id)
Values
( 13  , 133 );
Insert into works_on (project_id, researcher_id)
Values
( 14  , 134 );
Insert into works_on (project_id, researcher_id)
Values
( 15  , 135 );
Insert into works_on (project_id, researcher_id)
Values
( 16  , 136 );
Insert into works_on (project_id, researcher_id)
Values
( 17  , 137 );
Insert into works_on (project_id, researcher_id)
Values
( 18  , 138 );
Insert into works_on (project_id, researcher_id)
Values
( 19  , 139 );
Insert into works_on (project_id, researcher_id)
Values
( 20  , 140 );
Insert into works_on (project_id, researcher_id)
Values
( 21  , 141 );
Insert into works_on (project_id, researcher_id)
Values
( 22  , 142 );
Insert into works_on (project_id, researcher_id)
Values
( 23  , 143 );
Insert into works_on (project_id, researcher_id)
Values
( 24  , 144 );
Insert into works_on (project_id, researcher_id)
Values
( 25  , 145 );
Insert into works_on (project_id, researcher_id)
Values
( 26  , 146 );
Insert into works_on (project_id, researcher_id)
Values
( 27  , 147 );
Insert into works_on (project_id, researcher_id)
Values
( 28  , 148 );
Insert into works_on (project_id, researcher_id)
Values
( 29  , 149 );
Insert into works_on (project_id, researcher_id)
Values
( 30  , 150 );
Insert into works_on (project_id, researcher_id)
Values
( 49  , 41 );
Insert into works_on (project_id, researcher_id)
Values
( 50  , 41 );
Insert into works_on (project_id, researcher_id)
Values
( 52  , 41 );
Insert into works_on (project_id, researcher_id)
Values
( 64  , 41 );
Insert into works_on (project_id, researcher_id)
Values
( 54  , 41 );
Insert into works_on (project_id, researcher_id)
Values
( 42  , 41 );
Insert into works_on (project_id, researcher_id)
Values
( 46  , 41 );
Insert into works_on (project_id, researcher_id)
Values
( 47  , 41 );
Insert into works_on (project_id, researcher_id)
Values
( 48  , 41 );
Insert into works_on (project_id, researcher_id)
Values
( 63  , 41 );
Insert into works_on (project_id, researcher_id)
Values
( 55  , 41 );
Insert into works_on (project_id, researcher_id)
Values
( 59  , 41 );
Insert into works_on (project_id, researcher_id)
Values
( 43  , 41 );
Insert into works_on (project_id, researcher_id)
Values
( 53  , 41 );
Insert into works_on (project_id, researcher_id)
Values
( 58  , 41 );
Insert into works_on (project_id, researcher_id)
Values
( 58  , 81 );
Insert into works_on (project_id, researcher_id)
Values
( 48  , 81 );
Insert into works_on (project_id, researcher_id)
Values
( 59  , 81 );
Insert into works_on (project_id, researcher_id)
Values
( 44  , 81 );
Insert into works_on (project_id, researcher_id)
Values
( 46  , 81 );
Insert into works_on (project_id, researcher_id)
Values
( 62  , 81 );
Insert into works_on (project_id, researcher_id)
Values
( 61  , 81 );
Insert into works_on (project_id, researcher_id)
Values
( 41  , 81 );
Insert into works_on (project_id, researcher_id)
Values
( 51  , 81 );
Insert into works_on (project_id, researcher_id)
Values
( 64  , 81 );
Insert into works_on (project_id, researcher_id)
Values
( 43  , 81 );
Insert into works_on (project_id, researcher_id)
Values
( 55  , 81 );
Insert into works_on (project_id, researcher_id)
Values
( 53  , 81 );
Insert into works_on (project_id, researcher_id)
Values
( 57  , 81 );
Insert into works_on (project_id, researcher_id)
Values
( 45  , 81 );
Insert into works_on (project_id, researcher_id)
Values
( 61  , 121 );
Insert into works_on (project_id, researcher_id)
Values
( 54  , 121 );
Insert into works_on (project_id, researcher_id)
Values
( 49  , 121 );
Insert into works_on (project_id, researcher_id)
Values
( 62  , 121 );
Insert into works_on (project_id, researcher_id)
Values
( 59  , 121 );
Insert into works_on (project_id, researcher_id)
Values
( 48  , 121 );
Insert into works_on (project_id, researcher_id)
Values
( 63  , 121 );
Insert into works_on (project_id, researcher_id)
Values
( 42  , 121 );
Insert into works_on (project_id, researcher_id)
Values
( 41  , 121 );
Insert into works_on (project_id, researcher_id)
Values
( 58  , 121 );
Insert into works_on (project_id, researcher_id)
Values
( 50  , 121 );
Insert into works_on (project_id, researcher_id)
Values
( 45  , 121 );
Insert into works_on (project_id, researcher_id)
Values
( 60  , 121 );
Insert into works_on (project_id, researcher_id)
Values
( 43  , 121 );
Insert into works_on (project_id, researcher_id)
Values
( 53  , 121 );

#############################################################################################################3

Insert into project_science_field (project_id, science_field_id)
Values
( 1  , 11 );
Insert into project_science_field (project_id, science_field_id)
Values
( 1  , 6 );
Insert into project_science_field (project_id, science_field_id)
Values
( 2  , 12 );
Insert into project_science_field (project_id, science_field_id)
Values
( 3  , 12 );
Insert into project_science_field (project_id, science_field_id)
Values
( 3  , 7 );
Insert into project_science_field (project_id, science_field_id)
Values
( 3  , 5 );
Insert into project_science_field (project_id, science_field_id)
Values
( 4  , 9 );
Insert into project_science_field (project_id, science_field_id)
Values
( 5  , 10 );
Insert into project_science_field (project_id, science_field_id)
Values
( 5  , 12 );
Insert into project_science_field (project_id, science_field_id)
Values
( 5  , 8 );
Insert into project_science_field (project_id, science_field_id)
Values
( 5  , 6 );
Insert into project_science_field (project_id, science_field_id)
Values
( 5  , 11 );
Insert into project_science_field (project_id, science_field_id)
Values
( 6  , 6 );
Insert into project_science_field (project_id, science_field_id)
Values
( 6  , 2 );
Insert into project_science_field (project_id, science_field_id)
Values
( 6  , 3 );
Insert into project_science_field (project_id, science_field_id)
Values
( 6  , 8 );
Insert into project_science_field (project_id, science_field_id)
Values
( 6  , 9 );
Insert into project_science_field (project_id, science_field_id)
Values
( 7  , 6 );
Insert into project_science_field (project_id, science_field_id)
Values
( 7  , 4 );
Insert into project_science_field (project_id, science_field_id)
Values
( 7  , 10 );
Insert into project_science_field (project_id, science_field_id)
Values
( 7  , 2 );
Insert into project_science_field (project_id, science_field_id)
Values
( 8  , 11 );
Insert into project_science_field (project_id, science_field_id)
Values
( 8  , 9 );
Insert into project_science_field (project_id, science_field_id)
Values
( 8  , 6 );
Insert into project_science_field (project_id, science_field_id)
Values
( 8  , 1 );
Insert into project_science_field (project_id, science_field_id)
Values
( 8  , 7 );
Insert into project_science_field (project_id, science_field_id)
Values
( 9  , 2 );
Insert into project_science_field (project_id, science_field_id)
Values
( 9  , 1 );
Insert into project_science_field (project_id, science_field_id)
Values
( 9  , 4 );
Insert into project_science_field (project_id, science_field_id)
Values
( 9  , 5 );
Insert into project_science_field (project_id, science_field_id)
Values
( 9  , 9 );
Insert into project_science_field (project_id, science_field_id)
Values
( 10  , 6 );
Insert into project_science_field (project_id, science_field_id)
Values
( 10  , 10 );
Insert into project_science_field (project_id, science_field_id)
Values
( 10  , 2 );
Insert into project_science_field (project_id, science_field_id)
Values
( 10  , 9 );
Insert into project_science_field (project_id, science_field_id)
Values
( 10  , 1 );
Insert into project_science_field (project_id, science_field_id)
Values
( 11  , 1 );
Insert into project_science_field (project_id, science_field_id)
Values
( 11  , 9 );
Insert into project_science_field (project_id, science_field_id)
Values
( 11  , 5 );
Insert into project_science_field (project_id, science_field_id)
Values
( 11  , 2 );
Insert into project_science_field (project_id, science_field_id)
Values
( 11  , 3 );
Insert into project_science_field (project_id, science_field_id)
Values
( 12  , 12 );
Insert into project_science_field (project_id, science_field_id)
Values
( 13  , 10 );
Insert into project_science_field (project_id, science_field_id)
Values
( 13  , 4 );
Insert into project_science_field (project_id, science_field_id)
Values
( 13  , 6 );
Insert into project_science_field (project_id, science_field_id)
Values
( 13  , 2 );
Insert into project_science_field (project_id, science_field_id)
Values
( 13  , 9 );
Insert into project_science_field (project_id, science_field_id)
Values
( 14  , 8 );
Insert into project_science_field (project_id, science_field_id)
Values
( 14  , 9 );
Insert into project_science_field (project_id, science_field_id)
Values
( 14  , 7 );
Insert into project_science_field (project_id, science_field_id)
Values
( 14  , 2 );
Insert into project_science_field (project_id, science_field_id)
Values
( 15  , 9 );
Insert into project_science_field (project_id, science_field_id)
Values
( 15  , 4 );
Insert into project_science_field (project_id, science_field_id)
Values
( 16  , 2 );
Insert into project_science_field (project_id, science_field_id)
Values
( 16  , 3 );
Insert into project_science_field (project_id, science_field_id)
Values
( 16  , 5 );
Insert into project_science_field (project_id, science_field_id)
Values
( 17  , 2 );
Insert into project_science_field (project_id, science_field_id)
Values
( 18  , 12 );
Insert into project_science_field (project_id, science_field_id)
Values
( 18  , 7 );
Insert into project_science_field (project_id, science_field_id)
Values
( 18  , 10 );
Insert into project_science_field (project_id, science_field_id)
Values
( 18  , 3 );
Insert into project_science_field (project_id, science_field_id)
Values
( 18  , 8 );
Insert into project_science_field (project_id, science_field_id)
Values
( 19  , 1 );
Insert into project_science_field (project_id, science_field_id)
Values
( 20  , 2 );
Insert into project_science_field (project_id, science_field_id)
Values
( 20  , 8 );
Insert into project_science_field (project_id, science_field_id)
Values
( 21  , 6 );
Insert into project_science_field (project_id, science_field_id)
Values
( 21  , 5 );
Insert into project_science_field (project_id, science_field_id)
Values
( 21  , 9 );
Insert into project_science_field (project_id, science_field_id)
Values
( 22  , 12 );
Insert into project_science_field (project_id, science_field_id)
Values
( 22  , 3 );
Insert into project_science_field (project_id, science_field_id)
Values
( 22  , 6 );
Insert into project_science_field (project_id, science_field_id)
Values
( 23  , 5 );
Insert into project_science_field (project_id, science_field_id)
Values
( 23  , 2 );
Insert into project_science_field (project_id, science_field_id)
Values
( 24  , 6 );
Insert into project_science_field (project_id, science_field_id)
Values
( 24  , 4 );
Insert into project_science_field (project_id, science_field_id)
Values
( 24  , 12 );
Insert into project_science_field (project_id, science_field_id)
Values
( 24  , 9 );
Insert into project_science_field (project_id, science_field_id)
Values
( 24  , 5 );
Insert into project_science_field (project_id, science_field_id)
Values
( 25  , 2 );
Insert into project_science_field (project_id, science_field_id)
Values
( 25  , 8 );
Insert into project_science_field (project_id, science_field_id)
Values
( 25  , 7 );
Insert into project_science_field (project_id, science_field_id)
Values
( 25  , 5 );
Insert into project_science_field (project_id, science_field_id)
Values
( 25  , 6 );
Insert into project_science_field (project_id, science_field_id)
Values
( 26  , 1 );
Insert into project_science_field (project_id, science_field_id)
Values
( 27  , 8 );
Insert into project_science_field (project_id, science_field_id)
Values
( 27  , 4 );
Insert into project_science_field (project_id, science_field_id)
Values
( 27  , 7 );
Insert into project_science_field (project_id, science_field_id)
Values
( 28  , 6 );
Insert into project_science_field (project_id, science_field_id)
Values
( 28  , 10 );
Insert into project_science_field (project_id, science_field_id)
Values
( 28  , 11 );
Insert into project_science_field (project_id, science_field_id)
Values
( 29  , 5 );
Insert into project_science_field (project_id, science_field_id)
Values
( 30  , 8 );
Insert into project_science_field (project_id, science_field_id)
Values
( 30  , 3 );
Insert into project_science_field (project_id, science_field_id)
Values
( 31  , 11 );
Insert into project_science_field (project_id, science_field_id)
Values
( 32  , 10 );
Insert into project_science_field (project_id, science_field_id)
Values
( 32  , 11 );
Insert into project_science_field (project_id, science_field_id)
Values
( 32  , 8 );
Insert into project_science_field (project_id, science_field_id)
Values
( 33  , 12 );
Insert into project_science_field (project_id, science_field_id)
Values
( 33  , 2 );
Insert into project_science_field (project_id, science_field_id)
Values
( 34  , 11 );
Insert into project_science_field (project_id, science_field_id)
Values
( 34  , 8 );
Insert into project_science_field (project_id, science_field_id)
Values
( 34  , 3 );
Insert into project_science_field (project_id, science_field_id)
Values
( 34  , 9 );
Insert into project_science_field (project_id, science_field_id)
Values
( 34  , 4 );
Insert into project_science_field (project_id, science_field_id)
Values
( 35  , 1 );
Insert into project_science_field (project_id, science_field_id)
Values
( 35  , 10 );
Insert into project_science_field (project_id, science_field_id)
Values
( 36  , 3 );
Insert into project_science_field (project_id, science_field_id)
Values
( 36  , 2 );
Insert into project_science_field (project_id, science_field_id)
Values
( 36  , 6 );
Insert into project_science_field (project_id, science_field_id)
Values
( 36  , 10 );
Insert into project_science_field (project_id, science_field_id)
Values
( 37  , 1 );
Insert into project_science_field (project_id, science_field_id)
Values
( 37  , 6 );
Insert into project_science_field (project_id, science_field_id)
Values
( 38  , 7 );
Insert into project_science_field (project_id, science_field_id)
Values
( 38  , 10 );
Insert into project_science_field (project_id, science_field_id)
Values
( 38  , 12 );
Insert into project_science_field (project_id, science_field_id)
Values
( 38  , 1 );
Insert into project_science_field (project_id, science_field_id)
Values
( 39  , 8 );
Insert into project_science_field (project_id, science_field_id)
Values
( 39  , 10 );
Insert into project_science_field (project_id, science_field_id)
Values
( 39  , 1 );
Insert into project_science_field (project_id, science_field_id)
Values
( 39  , 5 );
Insert into project_science_field (project_id, science_field_id)
Values
( 40  , 12 );
Insert into project_science_field (project_id, science_field_id)
Values
( 41  , 8 );
Insert into project_science_field (project_id, science_field_id)
Values
( 41  , 4 );
Insert into project_science_field (project_id, science_field_id)
Values
( 42  , 12 );
Insert into project_science_field (project_id, science_field_id)
Values
( 42  , 1 );
Insert into project_science_field (project_id, science_field_id)
Values
( 42  , 10 );
Insert into project_science_field (project_id, science_field_id)
Values
( 42  , 2 );
Insert into project_science_field (project_id, science_field_id)
Values
( 42  , 6 );
Insert into project_science_field (project_id, science_field_id)
Values
( 43  , 2 );
Insert into project_science_field (project_id, science_field_id)
Values
( 43  , 5 );
Insert into project_science_field (project_id, science_field_id)
Values
( 43  , 4 );
Insert into project_science_field (project_id, science_field_id)
Values
( 43  , 9 );
Insert into project_science_field (project_id, science_field_id)
Values
( 43  , 3 );
Insert into project_science_field (project_id, science_field_id)
Values
( 44  , 2 );
Insert into project_science_field (project_id, science_field_id)
Values
( 44  , 4 );
Insert into project_science_field (project_id, science_field_id)
Values
( 45  , 2 );
Insert into project_science_field (project_id, science_field_id)
Values
( 45  , 6 );
Insert into project_science_field (project_id, science_field_id)
Values
( 45  , 3 );
Insert into project_science_field (project_id, science_field_id)
Values
( 45  , 11 );
Insert into project_science_field (project_id, science_field_id)
Values
( 46  , 3 );
Insert into project_science_field (project_id, science_field_id)
Values
( 47  , 7 );
Insert into project_science_field (project_id, science_field_id)
Values
( 47  , 12 );
Insert into project_science_field (project_id, science_field_id)
Values
( 47  , 1 );
Insert into project_science_field (project_id, science_field_id)
Values
( 47  , 9 );
Insert into project_science_field (project_id, science_field_id)
Values
( 47  , 4 );
Insert into project_science_field (project_id, science_field_id)
Values
( 48  , 2 );
Insert into project_science_field (project_id, science_field_id)
Values
( 49  , 5 );
Insert into project_science_field (project_id, science_field_id)
Values
( 49  , 11 );
Insert into project_science_field (project_id, science_field_id)
Values
( 49  , 9 );
Insert into project_science_field (project_id, science_field_id)
Values
( 49  , 4 );
Insert into project_science_field (project_id, science_field_id)
Values
( 49  , 6 );
Insert into project_science_field (project_id, science_field_id)
Values
( 50  , 4 );
Insert into project_science_field (project_id, science_field_id)
Values
( 50  , 7 );
Insert into project_science_field (project_id, science_field_id)
Values
( 50  , 8 );
Insert into project_science_field (project_id, science_field_id)
Values
( 50  , 2 );
Insert into project_science_field (project_id, science_field_id)
Values
( 51  , 3 );
Insert into project_science_field (project_id, science_field_id)
Values
( 52  , 1 );
Insert into project_science_field (project_id, science_field_id)
Values
( 52  , 2 );
Insert into project_science_field (project_id, science_field_id)
Values
( 52  , 3 );
Insert into project_science_field (project_id, science_field_id)
Values
( 53  , 1 );
Insert into project_science_field (project_id, science_field_id)
Values
( 53  , 6 );
Insert into project_science_field (project_id, science_field_id)
Values
( 53  , 10 );
Insert into project_science_field (project_id, science_field_id)
Values
( 53  , 3 );
Insert into project_science_field (project_id, science_field_id)
Values
( 54  , 6 );
Insert into project_science_field (project_id, science_field_id)
Values
( 54  , 8 );
Insert into project_science_field (project_id, science_field_id)
Values
( 55  , 5 );
Insert into project_science_field (project_id, science_field_id)
Values
( 55  , 4 );
Insert into project_science_field (project_id, science_field_id)
Values
( 56  , 6 );
Insert into project_science_field (project_id, science_field_id)
Values
( 56  , 2 );
Insert into project_science_field (project_id, science_field_id)
Values
( 57  , 5 );
Insert into project_science_field (project_id, science_field_id)
Values
( 57  , 1 );
Insert into project_science_field (project_id, science_field_id)
Values
( 58  , 1 );
Insert into project_science_field (project_id, science_field_id)
Values
( 58  , 4 );
Insert into project_science_field (project_id, science_field_id)
Values
( 58  , 5 );
Insert into project_science_field (project_id, science_field_id)
Values
( 59  , 8 );
Insert into project_science_field (project_id, science_field_id)
Values
( 59  , 2 );
Insert into project_science_field (project_id, science_field_id)
Values
( 59  , 11 );
Insert into project_science_field (project_id, science_field_id)
Values
( 60  , 7 );
Insert into project_science_field (project_id, science_field_id)
Values
( 61  , 11 );
Insert into project_science_field (project_id, science_field_id)
Values
( 61  , 6 );
Insert into project_science_field (project_id, science_field_id)
Values
( 61  , 3 );
Insert into project_science_field (project_id, science_field_id)
Values
( 61  , 12 );
Insert into project_science_field (project_id, science_field_id)
Values
( 62  , 10 );
Insert into project_science_field (project_id, science_field_id)
Values
( 62  , 12 );
Insert into project_science_field (project_id, science_field_id)
Values
( 62  , 3 );
Insert into project_science_field (project_id, science_field_id)
Values
( 63  , 3 );
Insert into project_science_field (project_id, science_field_id)
Values
( 63  , 9 );
Insert into project_science_field (project_id, science_field_id)
Values
( 63  , 6 );
Insert into project_science_field (project_id, science_field_id)
Values
( 63  , 4 );
Insert into project_science_field (project_id, science_field_id)
Values
( 63  , 1 );
Insert into project_science_field (project_id, science_field_id)
Values
( 64  , 8 );
Insert into project_science_field (project_id, science_field_id)
Values
( 64  , 2 );